3.1 GOVERNANCE MONITORING AND COMPLIANCE: 2023/2024 QUARTER 3 REPORT EXPANSIONS,,,,,,,,,,,,
Number,Period / Quarter (Use dropdown List),Date Received By GMC (yyyy/mm/dd),En(Utistey d/rDopedpoawrnt mLiset)nt,Project Description,Supplier / Service Provider,"Reason for Expansion
EXPANSIONS REPORT",Value of Con[tRra] ct Expansion,Original Co[Rn]t ract Value,Value of Prev[Rio]u s Expansion,Awa(rydy byyy /AmOm/ /AdAd )date,Contract start date (yyyy/mm/dd),Contract expiry date (yyyy/mm/dd)
1,Q3 2023/24,2023/10/03,Air Traffic and Navigation Services (ATNS),Provision of security services,Fidelity Security Services,ACSA has nnoetw f isneaclisueridty a c osemcpuarintyy tweinthdienr t hpero pcreesms;is AeTs NoSf AcCanSnAot appoint a,"R 148 029,12","R 296 058,24",R -,2023/09/26,2023/10/01,2023/12/01
2,Q3 2023/24,2023/10/16,Armaments Corporation of South Africa SOC Ltd (ARMSCOR),Upgrade of GV5 MKII Gun,Denel Land Systems,"Thfiosr r tehqeu irreepmaeirn at nredl autpegsr atod ea ocfa ap itGaVl a5c MquKisIIit iGonu np rwoijtehc st.e rTiahle n upmrobjeecrt 2p0r0o0vi1d.e s
The expansion makes provisioenv afolura tthioen rgee-ianrdbuosxtrialisation and upgrade of the","R 1 584 919,32","R 1 584 919,32",R -,2023/10/16,2022/11/01,2024/02/29
3,Q3 2023/24,2023/10/16,Armaments Corporation of South Africa SOC Ltd (ARMSCOR),Upgrade of GV5 MKII Gun,Denel Land Systems,T Th hfi eos r er te xhq peu a irnree spm ioaneir n mat naredkl eaustpe gpsrr aotodv iesa i oo ec nf va aap fol i utGra a Vl tt hia o5ec n Mq rgeuK e-is iI anIit r diG bo uon su x tnp r irwao liijtsehac tst i. oe nrTi ah ale nn dup mr uo pbj geercrat 2dp0er2 o o5v fi4 d t.he es,"R 1 795 816,00","R 1 795 816,00",R -,2023/10/16,2022/11/09,2024/02/29
4,Q3 2023/24,2023/10/16,Armaments Corporation of South Africa SOC Ltd (ARMSCOR),Procurement of Carl Gustaf Weapon System,SAAB Dynamics AB,"Aadndd ituiopngaral diteemd ss iogfh tsinugp pslyys itne tmh oes f f eo0xr2i s wAtien pgari plo o2rnd 0se 1 r 9s, . yi.sete. mstso rpargoec usroeldut iion nK fPo4r 6it7e2m3 74
Also, the order was amended in ordceors ttos .save on delivery and letter of credit","R 8 255 943,19","R 8 255 943,19",R -,2023/10/16,2023/02/09,Not stated
5,Q3 2023/24,2023/10/13,Border Management Authority,Provision of consBulotirndge sr uMppaonartg seemrveincte sA ufothro trhitey o(pBeMraAt)ionalisation of the,"PhuMloa sCeotlnasoukltain Ign fSoermr Vvai ectneiots un, eTKeectthlen oCloogniseusl tJinogin at nd
r","Trooll -aoc suc ut o pom pf omthro te d t oea mt aean ctilhshe ot ord teahplell o tEhyeRm PBe nMst y Ao s f ts eteh mrev i-cM mei c opr soo tis lnyot sf imt; 3ap6no5drt aitnhn eo tl yrcd ,l oe thur edto pe e anngya rinobell lee rtinhge","R 7 262 700,41","R 48 418 003,75",R -,2022/09/01,2022/09/01,2024/02/28
"6
7","Q3 2023/24
Q3 2023/24","2023/12/07
2023/10/05","Centre for Public Service Innovation
Civilian Secretariat for Police Service (CSPS)","Point to point data connectivity for Transversals
Travel Management Services","Sizwe Africa IT Group
Hamba Nathi Travel","Business Continuity
New bid in the bidding process","R 775 284,00
R 6 000 000,00","R 1 649 370,00
R 23 710 189,59","R -
R -","2023/11/24
2023/08/16","2024/01/02
2023/08/17","2025/01/31
2024/02/16"
8,Q3 2023/24,2023/11/07,"Commission for Conciliation, Mediation and Arbitration (CCMA)",Hygiene Services- Ekurhuleni,Supreme Range General Supplier,Contract extended in line with the Lease extension- Ekurhuleni,"R 77 832,00","R 77 832,00",R -,2023/10/10,2023/10/01,2024/05/31
9,Q3 2023/24,2023/11/07,"Commission for Conciliation, Mediation and Arbitration (CCMA)",Alarms Systems and 24 Hrs armed response- Ekurhuleni,Jubzin Security Services,Contract extended in line with the Lease extension-- Ekurhuleni,"R 15 111,00","R 20 148,00",R -,2023/10/07,2023/10/01,2024/05/31
10,Q3 2023/24,2023/11/07,"Commission for Conciliation, Mediation and Arbitration (CCMA)",Maintenance of Biometrics Systems- Ekurhuleni,Omega Fire & Security,Contract extended in line with the Lease extension- Ekurhuleni,"R 23 000,00","R 25 300,00",R -,2023/10/09,2023/10/01,2024/05/31
11,Q3 2023/24,2023/11/07,"Commission for Conciliation, Mediation and Arbitration (CCMA)",Hygiene Services-New Castle,Bidvest Steiner,Contract extended in line with the Lease extension-New Castle,"R 47 033,24","R 23 327,15",R -,2023/10/12,2023/11/01,2024/06/30
12,Q3 2023/24,2023/11/07,"Commission for Conciliation, Mediation and Arbitration (CCMA)",Office Lease- East London,SKG Africa,Contract varied due additional TI costs- East London,"R 6 086 605,00","R 1 488 664,00","R 3 068 808,00",2023/10/03,2023/11/01,2028/10/31
13,Q3 2023/24,2023/12/08,"Commission for Conciliation, Mediation and Arbitration (CCMA)",Renewal of Oracle Technical support services,Risc Technology Integration,Contract extended pending finalisation of procurement for a longer period,"R 9 789 550,78","R 3 069 530,01",R -,2023/11/16,2023/11/20,2024/11/30
14,Q3 2023/24,2023/10/12,Council for the Built Environment (CBE),Approval soughta tnod eimxtpelnedm tehnet MfifSte eOnf faicded 3iti6o5n alilc leicnesnes ceosntract to supply,Dynafrica Information Technology Solutions cc,Additioneaml plicloeyneseess wwheore r ereceqnutirlye dc otom amcecnocmemd owdoartke atth eth aed CdBitiEo.nal new,"R 165 349,87","R 616 973,85",R -,2023/09/27,2023/04/20,2025/04/20
15,Q3 2023/24,2023/10/12,Council for the Built Environment (CBE),Acopnpfriogvuarel sthoeu gNhet ttwo oerxkt eAcncodcn et nhseesc tFPioiob nir ne at stC tthooen r n CeesBcot Eilvv iety t hCeo unntrsatcatb ilne oInrdteerrn teot,AIEQ Systems (Pty) Ltd,accoAmdmdoitdioantael tnheet winocrrIken ata esc rec n e eins t sec omp nopniln eot cys te ih oea n nd au t smo abb ee rre sc s o uan lntf .dig purreevde innt othrdee ur ntsot able,"R 52 152,50","R 601 450,00",R -,2023/09/29,2023/11/28,2024/11/27
16,Q3 2023/24,2023/10/23,Council for the Built Environment (CBE),Approval sought to extePnadn ethl eo fc Ronetsreaactr cwhi tEhx Gpearutgs.e Architecture from the,Gauge Architecture,dS re eT kv sh i2el ele 0sl ao 2M D rp 3cmei .hn v e Gi ss en pt al cte o e u oropgc nfmo ie daaf e u lA iP sn cS rtt tue c b it thc no hl ii t et c so eb ur aW ce sS t s utpo sat rrrr ieigeak n nsst awe me big as n leey ss t ne u b- t tde h uB a ed t ilsuo toa i l ertt n eh d nlE qye virn u ie rstv eoec ei sr nct roi tmvhv en ie nc demi ec nf boe a tp yrnl a r tMa o tn hP vdid enir dr oM tMa hef efeEr it nrs Cies d is s t feio tr oo ena n rn t rt e a i .e f2 ilg sei7s uy d aO i tot aaicon sbt n o lt ae h ba e e tn o rd,"R 83 137,50","R 124 000,00",R -,2023/10/10,2021/12/01,2024/11/30
17,Q3 2023/24,2023/10/04,"Department of Agriculture, (LDaAnLdR RReDfo)rm and Rural Development",Control of quelea outbreaks,GIWN Civils and blasting,To be able ot control quelea outbreaks,"R 3 000 000,00","R 8 000 000,00",R -,Not Stated,Not Stated,2023/12/14
18,Q3 2023/24,2023/10/04,"Department of Agriculture, (LDaAnLdR RReDfo)rm and Rural Development",Internet Services,Vox,Non-award of a tender and thea dtevnedrteisr efodr internet services has ben re-,"R 812 007,96","R 10 553 923,39","R 1 550 000,00",2023/09/19,2023/10/01,2023/10/31
19,Q3 2023/24,2023/10/18,"Department of Agriculture, (LDaAnLdR RReDfo)rm and Rural Development",travel managment services,Travel with Flair,Continuity of service,R -,R -,R -,2022/01/01,2022/01/01,2024/12/31
20,Q3 2023/24,2023/12/07,Department of Employment and Labour (DEL),conRtreaqctu eLsatb f o0r41 n/s2o t0 t Di1n9eg c wt ehimeth b eaexnrt e 2an 0ds 2dio 3itn iot oon fa2 Tl9 po Feurreviobedrs u toa tfrr yat hv 2re 0el 2e S 4 (e .3r)v imceo n(tThTsS f)r om,Tourvest Travel Services (TTS),"Withn oth ree sapnotincsipivaeti oonf bthida,t tphreo cpurorecmesesn tc poruoldc ensost bweil l fbinea lfisineadli saesd a, nhtoicwipeavteerd due","R 26 510 431,38",R -,"R 8 205 765,29",2023/11/31,2023/12/01,2024/02/29
21,Q3 2023/24,2023/12/08,Department of Employment and Labour (DEL),tFRoue enq dxut eeasnnttd ft ohAer B a ScpoApn rtBoraavcna atkl p et io nen rtd rie oeer dsev p ida oe t fice n et t f ioogr o fhb m tae ect ewt ch noee u(e 1n nn 8o t )tr vh m emera oiUfl incpn tahero tsmic o.pu nlr oe syemmre vein cnt e tp sIr no (sacuversas )sn fecoes r,ABSA Bank,"Ip Jna uc nty ltie eemhr n em 2e t s0nFs t 2 ub oo 0naffd . n t b Tkh ee (hie nn 3n e tg )Pee AyFfrdie Vet eMsd aSt aA rpi snic,r ls to oi ao.nc n n t ea te T drs r a hSns wcea e tit l l ro e l w vc x ciao c ai osven smtot inr L ai edo ge w l t vp c oam ea o rl ae dy nA na ei tn r gs dg eau r nctert odthe e e ws m toh i nis te en h h n c 2 Ao tAo 2 u BrwB lr Jd Se Si ut Achb A nt ee A fc co B 2il om rie 0 Smapn 2A mtl 3pes t .eem.o nr e iA cv on ees dt rd eai of d yo fr nei tan h sl2 rltu e3hl et e,
JIusnnyt ht seh et e e2 p m0e o2 v td3e ee n navt tn ieawdllo h sape e mrn ree ve iwnt ch te ses pewc rro ohvniivcct idehra e ipc nrrt c aolw unvdii ddt eh e t shrt h eaies mC as ooepnmrpgv posic uitne ttor e op tdhnr,eo srvth ysid se te trheer e m c sio .nh m t oeTue rhlfsd ias ct bo mee a a ben yex tte bwen ened s ae ii vnne
bts we ete whr intrme ha eio s fss Aiu t yt so Bh ps f Sa ah t et ti Ayhn m mte d hu. r ee nCa nrtCno eitlc w smo tme hn hwp es eatu io u tny“t hl r g tt oao nah oo u nte di t tlo i s ivv ftbny fhee ees eh ”r r ti aaf ewe vi sc n nm ei a ty trb h it sc fe oi io S ecoetn h raAnn v e ttp P iird cr oar . eoo na c n c lTt pt o,ee eh rf ns or ew tnos vh a i F iet dad th u i ese v bnI rev aC dc e inu sbTl wkor u r a pa ite lap lmn n t cpnodt ce o rl y ooent th, uvt x bsed entee u tdma s ne .ad da obvt yo ftli e c h bbe t eth ee oe p nc m erope o fnrax iv octdi irs cida aet eeci r n so idt eg sn s","R 2 924 949,00","R 2 154 600,00",R -,2020/06/20,2020/06/20,2024/12/19
22,Q3 2023/24,2023/12/08,Department of Employment and Labour (DEL),R Idne asq yuau rn te aods n t dce f eaxo ytr Fe cuan lndp ed p at rh naoe innv dgac ol P stn eo ot rr wvda ieec crtv e fieusa l nt fe Ct oe rlfre re ao ad m np ii en nt grth io oe a d bnn ednot orwPm t re ea oe xl j en cp certtho esec d ( u iUPnr genT meYom ne ) enplt tldo ( p 1 ytr )omo mc reee onns nt ds thee .rs,Powerful Cleaning Projects,"TsTwa b ef phh oni e xl eeeldr t c e b f Bte i ia n nhe fx Sip a se c tf C ip le a o oipzon t r ne ie r s oi n ea dr pi no ti c o em f in ownu d r e m ir o aoot onhf sm drtf e d t ro esh wr e e ie f nxr ip fld a elec t ( eo b r6ors rd ei ) enoe a ct dtd mr epr ohv a npeo ti moc doc o nfet a e it n oto h pw hp t enn peroi a fet o r 1 fh n Peov 1n( cv1P rite dh oa tS)o w iee bvl e mw r e oi pt bs ye t fo te fao er rn ttrs f oh mt evru ih e mesi al c b ntC m set eod 1h p l r e e 0ap fe a o 2a r trcl A ol r 0no td i fhv ui 2rwa in ice ged 3g y a uve .f t tisotea erio o t r nn w o n 2dd dt n h 0e a oo Pe l 2ry nno r 3 q pno c 76 u rgj l a e oeo J J ntc cat uue dat en lls r y yt si m c ni o s( 2o2gP n 0m0c i sT s 2o2p e eY 3n3sr ro tt .) t.v ri o c l ai L lc TTe c atT es o hht nD s .s ee
O Few uv f sfa nci eilc dll o u roetT vnaa dfr ih t ct ’k ordsie eaoe e a sa cn r syu e t, p ri p nntm pa uo ognrdta o to scj aui v h n ls enud ma ain i dnai lx vc e g i n t nea a a(i im t t 6 nt p netei go) hwe prn e n rcl od s hi u, n a ie e inpn lecl eerr e ttso vm e cna t.in dc h ed edt H e er sa nm da os sr tu tc w i aen pm ept rni ei r esn yo to dvrt og n cr eei co a t e artrah d ht , s pni ps ev d sd w a re o ,u o cn i aweli cp ialt t p eyr teit in uop s sox tg r co s p oeit mei i htn ir cos soeet p ams f e sL r fb tie ta r ren he ia yln cgc lef tt toa ol ui u vso tr nl ues he ef fS ti a o v rtt te f vt h leh hi d n ir ae t civ isao h nte i ec lsf gfi sc ze uu a . oca nc rsd nu et cc iv tra o qte ie r inn n uoesr ud inst n roai e fs tA f itu ni d icn olc t t .ohg ebc n en T, ro id ot n hurd afean e l ct ly r t
prsO oaA vec foc iemc dc c ,u e o cp wp dur load hp fyti ooain eo lrtg erni o i a nt s fno r l h a et H aeF l e lreha l m aaemc nl saitl a dih lt t oii nhea lfet sn aa ta hd inr knee d S fg a prsau l erlaf l oeae rfove tt ciiy ot so oy minA o ns asnc d c t im aot t io onfa o f d nt d f h1 e 1 afe9 a 9 ns8u c d9 en3 il 3 d i itrna,ie e e nsr ggsd e uot h cwlon ae to dhi to iw i r ocn se nh tpa9 as e ap ts iea rp net l la oi acm pt f ea rca r eb letc el sh peh aca a i nn rut ii ,e rbne .r hd e vy Dye de gaar ro iy yn et r h d n te oic ,
Day cleaning of Absa Towers Building is therefore mandatory to ensure","R 2 879 673,60","R 261 274,11",R -,2022/08/11,2022/01/06,2023/12/10
23,Q3 2023/24,2023/12/08,Department of Employment and Labour (DEL),U(nPR eTpe mr Yqop)uc le oLes yts dt es femto osr n rtaA enIp nndp ds r uee eo rrx xav t dcaen ealnc eytdeo d t tF iodh nu ee gdn v adc ti ha yo a rt n ee cnt el rdefa r a(Poc 0ntm o 3 inew ) gtn eh m t seer ofe run ne rlvo tdc hir c l smieenata son n f il obn p gre r t ao aw c npeu deer renpio m rtodhe j eenn cot tts,Powerful Cleaning Projects,"LTtTdh h eteo F cru oen nnd tdr eaercn tdt e car oye m dto mi ndetao ny ca ec dcleo oan nntr in1ag0c t s Aweu2ri gtv 0h ui 2c sPe 3to s .2w f0oe 2rr 2 fau a l pnCedlre ihoa adn d ino egf x ta pwn ired el vdPe r o o(n1j e29c) t Asmu (ogPnuttsyht)s .
bv aeaT na p fl ouh tl r0 ire rocee e9 ic a po A e eSd afc s xy e tRc es p po a ,di2 r tup te y6 htnp m h1 e otr ai n b fo2 st g e v tp7 the r heo 5 e d e2cf . c f 1 o0io oi efc 1 n2in nnce e.3e sta r i T. i r t (d (t ei 0hGoh0 e e 1r n1 t rio v e ) )a a ieu n s mdm ng d fd y ouh eo tee rn h rnt tt n teh ht ahhd t e ed oc u e re m uB m xbx 3r ti iertd n eeeo m i nasnnA n sotptsed r ini opas oj ( tu ntrt h0n a iod v s 1 htvio ec ’u) e ef a es pndtt t xo crh o i to ob ee eftn c yh nt a c e ie sC s t u shn ir oor se eedr nm f qe e cf .B uen rm o A etca u i t sCtc ld t dtoie ,ms fne b a oivt n enr r( aa i dB s tl cic h tdA oirt et a nC ut it co s Bn) iv l t uAnht eihl doa C et ets h dt e o
pH crtoo ahcw eppe aee ns cvr asi ieo tt, yur di, rt t edw ois u oi clelif m a e tt rhpox ryp ee t i rhr osaee uet i trbf v va tee ihc c f itot seh r t sa feh uta r nf ecti cn qot tah uin ole i sti rz ni t ena ic ludiltu n ai . uor t etr nTnie o rfh onnonealt f d o lc Flt iynfho u gesn mn .e t d cr e r aovdac incontte w eroasshfc irnldt eui ona n tg ty s hh eat uao nnvt d eic en nl tea te dhapr eenpr ru io n np pig ent r ecotsm ed ce s eer dssvnuai stc e r e iy sts o
prsO o aA vec fo iec mc dcc ,u e cpo wp dulr oa hpd fyt ooaiin eo lrt eg rni o i a ns ft n r ol h a etH ael eF lrehl a m aaemc nl sati al dh li t ot i nhia le fet ns aa tahd in knr e de S fa g prsa l eu rlaf oele ra fove tt ciy oi t so oy miA on nas snc dc t im aot t io onfoa f d nt fd h1 1 ae fe9 a9 n s8u c d9 e3n il 3 i d itrna,iee e ns ggr sde uo t cwh lon ateo dhi to iw i or cn se nh tap 9 as ape ts ierp na et lal oi acm pt f ea rcra eb let ecl sh pe ah ca a i nrutn ii ,rbne e .hd e r v Dy ye de gar ra o iy yetn r h nd te oi c ,","R 2 879 673,60","R 4 987 158,00",R -,2022/08/11,2022/01/06,2023/12/10
24,Q3 2023/24,2023/12/08,Department of Employment and Labour (DEL),R Seauqnpudpe otshrt te f S oer ex rapvcpaicopnenrsstoi ro v awna c hl to it cf ao hnt hd dwee i iv nlcli caorretn ee qt a rufa sr ico reetm i i ntn h t th et hhe eee n x sCo tcero om nv psiad eiolt enop r fr i so nw cVtou he rr eker i .mfpiceearn itoito dpn r o oafc ntedhs e s,Leolo and Partners Charted Accountants,"T vmah loe p pip dn r rer ao ote hr tc ci iq so oe eu d ns ste o s so ps cftrt is o ootf h jo mueuer sncp ue ftc lo.eaxo lNtlp dn leya o t arn wr la emnsc ind ti aot hg tl ni tlos py h o o, yde f s to n ahst snh e nibuee d tr l eeeis cen n c ol xb idoo tmpu ier gp esd prae c ie lnpte tiro e eor x of s dt n o acsw .s ne ao c fdsrlorl sook sn mw owta i mn n iut tuhd h eniet i tsnye i mu nx Uo cot ee cnIr sFe nmt s sh tta aai seol kfk n upC ee lr i sOn lo bo c iaV nt duh b gI dre Do eee uT rd rm tsEu t e .h3r R ana T tSt nt ho i o i s5n","R 163 115 896,00","R 24 467 384,40",R -,2022/10/10,2022/10/10,2024/03/31
Number,Period / Quarter (Use dropdown List),Date Received By GMC (yyyy/mm/dd),En(Utistey d/rDopedpoawrnt mLiset)nt,Project Description,Supplier / Service Provider,Reason for Expansion,Value of Con[tRra] ct Expansion,Original Co[Rn]t ract Value,Value of Prev[Rio]u s Expansion,Awa(rydy byyy /AmOm/ /AdAd )date,Contract start date (yyyy/mm/dd),Contract expiry date (yyyy/mm/dd)
25,Q3 2023/24,2023/12/08,Department of Employment and Labour (DEL),R Seauqnpudpe otshrt te f S oer ex rapvcpaicopnenrsstoi ro v awna c hl to it cf ao hnt hd dwee i iv nlcli caorretn ee qt a rufa sr ico reetm i i ntn h t th et hhe eee n x sCo tcero om nv psiad eiolt enop r fr i so nw cVtou he rr eker i .mfpiceearn itoito dpn r o oafc ntedhs e s,NKSChartered Accountants,"T vmah loe p pip dn r rer ao ote hr tc ci iq so oe eu d ns ste o s so ps cftrt is o ootf h jo mueuer sncp ue ftc lo.eaxo lNtlp dn leya o t arn wr la emnsc ind ti aot hg tl ni tlos py h o o, yde f s to n ahst snh e nibuee d tr l eeeis cen n c ol xb idoo tmpu ier gp esd prae c ie lnpte tiro e eor x of s dt n o acsw .s ne ao c fdsrlorl sook sn mw owta i mn n iut tuhd h eniet i tsnye i mu nx Uo cot ee cnIr sFe nmt s sh tta aai seol kfk n upC ee lr i sOn lo bo c iaV nt duh b gI dre Do eee uT rd rm tsEu t e .h3r R ana T tSt nt ho i o i s5n","R 163 115 896,00","R 24 467 384,40",R -,2022/10/13,2022/10/13,2024/03/31
26,Q3 2023/24,2023/12/08,Department of Employment and Labour (DEL),R Seauqnpudpe otshrt te f S oer ex rapvcpaicopnenrsstoi ro v awna c hl to it cf ao hnt hd dwee i iv nlcli caorretn ee qt a rufa sr ico reetm i i ntn h t th et hhe eee n x sCo tcero om nv psiad eiolt enop r fr i so nw cVtou he rr eker i .mfpiceearn itoito dpn r o oafc ntedhs e s,Ndemex Business Enterprise,"T vmah loe p pip dn r rer ao ote hr tc ci iq so oe eu d ns ste o s so ps cftrt is o ootf h jo mueuer sncp ue ftc lo.eaxo lNtlp dn leya o t arn wr la emnsc ind ti aot hg tl ni tlos py h o o, yde f s to n ahst snh e nibuee d tr l eeeis cen n c ol xb idoo tmpu ier gp esd prae c ie lnpte tiro e eor x of s dt n o acsw .s ne ao c fdsrlorl sook sn mw owta i mn n iut tuhd h eniet i tsnye i mu nx Uo cot ee cnIr sFe nmt s sh tta aai seol kfk n upC ee lr i sOn lo bo c iaV nt duh b gI dre Do eee uT rd rm tsEu t e .h3r R ana T tSt nt ho i o i s5n","R 163 115 896,00","R 24 467 384,40",R -,2022/10/11,2022/10/11,2024/03/31
27,Q3 2023/24,2023/12/08,Department of Employment and Labour (DEL),R Seauqnpudpe otshrt te f S oer ex rapvcpaicopnenrsstoi ro v awna c hl to it cf ao hnt hd dwee i iv nlcli caorretn ee qt a rufa sr ico reetm i i ntn h t th et hhe eee n x sCo tcero om nv psiad eiolt enop r fr i so nw cVtou he rr eker i .mfpiceearn itoito dpn r o oafc ntedhs e s,Inqaba Kadiya Consulting,"T vmah loe p pip dn r rer ao ote hr tc ci iq so oe eu d ns ste o s so ps cftrt is o ootf h jo mueuer sncp ue ftc lo.eaxo lNtlp dn leya o t arn wr la emnsc ind ti aot hg tl ni tlos py h o o, yde f s to n ahst snh e nibuee d tr l eeeis cen n c ol xb idoo tmpu ier gp esd prae c ie lnpte tiro e eor x of s dt n o acsw .s ne ao c fdsrlorl sook sn mw owta i mn n iut tuhd h eniet i tsnye i mu nx Uo cot ee cnIr sFe nmt s sh tta aai seol kfk n upC ee lr i sOn lo bo c iaV nt duh b gI dre Do eee uT rd rm tsEu t e .h3r R ana T tSt nt ho i o i s5n","R 163 115 896,00","R 24 467 384,40",R -,2022/10/10,2022/10/10,2024/03/31
28,Q3 2023/24,2023/12/08,Department of Employment and Labour (DEL),R Seauqnpudpe otshrt te f S oer ex rapvcpaicopnenrsstoi ro v awna c hl to it cf ao hnt hd dwee i iv nlcli caorretn ee qt a rufa sr ico reetm i i ntn h t th et hhe eee n x sCo tcero om nv psiad eiolt enop r fr i so nw cVtou he rr eker i .mfpiceearn itoito dpn r o oafc ntedhs e s,Morobi Chartered Accountants,"T vmah loe p pip dn r rer ao ote hr tc ci iq so oe eu d ns ste o s so ps cftrt is o ootf h jo mueuer sncp ue ftc lo.eaxo lNtlp dn leya o t arn wr la emnsc ind ti aot hg tl ni tlos py h o o, yde f s to n ahst snh e nibuee d tr l eeeis cen n c ol xb idoo tmpu ier gp esd prae c ie lnpte tiro e eor x of s dt n o acsw .s ne ao c fdsrlorl sook sn mw owta i mn n iut tuhd h eniet i tsnye i mu nx Uo cot ee cnIr sFe nmt s sh tta aai seol kfk n upC ee lr i sOn lo bo c iaV nt duh b gI dre Do eee uT rd rm tsEu t e .h3r R ana T tSt nt ho i o i s5n","R 163 115 896,00","R 24 467 384,40",R -,2022/10/10,2022/10/10,2024/03/31
29,Q3 2023/24,2023/12/08,Department of Employment and Labour (DEL),R Seauqnpudpe otshrt te f S oer ex rapvcpaicopnenrsstoi ro v awna c hl to it cf ao hnt hd dwee i iv nlcli caorretn ee qt a rufa sr ico reetm i i ntn h t th et hhe eee n x sCo tcero om nv psiad eiolt enop r fr i so nw cVtou he rr eker i .mfpiceearn itoito dpn r o oafc ntedhs e s,The Accounting Village,"T vmah loe p pip dn r rer ao ote hr tc ci iq so oe eu d ns ste o s so ps cftrt is o ootf h jo mueuer sncp ue ftc lo.eaxo lNtlp dn leya o t arn wr la emnsc ind ti aot hg tl ni tlos py h o o, yde f s to n ahst snh e nibuee d tr l eeeis cen n c ol xb idoo tmpu ier gp esd prae c ie lnpte tiro e eor x of s dt n o acsw .s ne ao c fdsrlorl sook sn mw owta i mn n iut tuhd h eniet i tsnye i mu nx Uo cot ee cnIr sFe nmt s sh tta aai seol kfk n upC ee lr i sOn lo bo c iaV nt duh b gI dre Do eee uT rd rm tsEu t e .h3r R ana T tSt nt ho i o i s5n","R 163 115 896,00","R 24 467 384,40",R -,2023/10/10,2023/10/10,2024/03/31
30,Q3 2023/24,2023/12/08,Department of Employment and Labour (DEL),R Seauqnpudpe otshrt te f S oer ex rapvcpaicopnenrsstoi ro v awna c hl to it cf ao hnt hd dwee i iv nlcli caorretn ee qt a rufa sr ico reetm i i ntn h t th et hhe eee n x sCo tcero om nv psiad eiolt enop r fr i so nw cVtou he rr eker i .mfpiceearn itoito dpn r o oafc ntedhs e s,Ligwa Advisory Services,"T vmah loe p pip dn r rer ao ote hr tc ci iq so oe eu d ns ste o s so ps cftrt is o ootf h jo mueuer sncp ue ftc lo.eaxo lNtlp dn leya o t arn wr la emnsc ind ti aot hg tl ni tlos py h o o, yde f s to n ahst snh e nibuee d tr l eeeis cen n c ol xb idoo tmpu ier gp esd prae c ie lnpte tiro e eor x of s dt n o acsw .s ne ao c fdsrlorl sook sn mw owta i mn n iut tuhd h eniet i tsnye i mu nx Uo cot ee cnIr sFe nmt s sh tta aai seol kfk n upC ee lr i sOn lo bo c iaV nt duh b gI dre Do eee uT rd rm tsEu t e .h3r R ana T tSt nt ho i o i s5n","R 163 115 896,00","R 24 467 384,40",R -,2023/11/23,2023/11/23,2024/03/31
31,Q3 2023/24,2023/09/21,"Department of Environment, Forestry and Fisheries (DEFF)","EMxtaerninseio Sn oolfua tt nihoden Ese nx(viPs irTt oinYng)m cLerTneDtw fiaonnrg d ta h tenhd ep s eDh reii oppd am rota fm n taewgnete l vmoefe Fmnot o rb nee tshttswr ye,eFnis hAefrriiceasn",African Marine Solutions (Pty) Ltd,"wT preeh oqle lla w u arb eh sr ssi a lc el ton i tegc eonih n sce: st exi uOc t ra eac inl nne go dda p tn is hses u e r rpaa ecptn qi olod yunn itC vrs iene ot udsha i s tas tyeott s l osa a f,ur l le sn no ed awfu re m vlr tl iehyt ca le eydk s nee R eps pVw e rr one A vbdg l igie du don el a pat d r r o aobsnncu y decr tv so hSe sa ey A s ts s ot Aa a a bl ig dnr eud e cl hcs os aoet nsu ma t d rrIpaci Ie .lh ce s tTta ehan desd","R 225 000 000,00","R 952 673 627,94",R -,2023/07/01,2023/07/01,2024/06/30
32,Q3 2023/24,2023/10/04,Department of Higher Education and Training (DHET),Fund manager to accoNmaotidoantael tShkei llfsin Aanucthiaolr imtyanagement service for,Duja Consulting,tehaT nepsh ppue rrr ooete cv pre um rrdoes pa m eon erfd n r htSe a pfCne rdMr oe co nw evc seiel slr if ts to oosr u naaeepd wptvh oe esir n ett ti res Nvainn i Scdg nee Ae fr wpo. rr To fa uhv nein dd e ee w mrx ta aef nu nndn as d gieo ennm ro ta fuo on g raMh g b ate oirmr tc hhhe a H 2tv Ro0e D2f ib4nCe a we alisni nlel d,"R 543 753,00","R 2 566 118,00",R -,2023/09/26,2023/09/26,2024/03/25
33,Q3 2023/24,2023/11/28,Department of Higher Education and Training (DHET),Variation of sctoanntdrabcyt gweinthe raadtodrit itoon aal mscinoi pseu bo-fs wtaotirokn f oart tinhdel einlas.tallation of a,Mbonakhulu LC Trading Enterprise,"pecG rfooenrnnmee rcaatdteo ddr i tws iohhnoeaurl led s e tbhre vei ycc eoasnr en s e ucc cut htre hr d ae e sn t e loyuq nm upinili pan smci t aes eludlnab. tTt.- is ohtena ,rt rei eofmonr oea v ntadhl et ah ncu dos n rcteroainucsltd toa rn l lo amt t iuobsnet of","R 141 900,00","R 719 700,00",R -,2023/11/21,2023/11/21,2023/11/21
34,Q3 2023/24,2023/10/02,Department of Home Affairs (DHA),Maintenance and support of NIIS and ICMS,Dimension Data,veTrhseio nc.u rar ennetw s ypslatetfmor mwa uss ionlgd laanted ms n ot o dte uloclehn s gwear ss udpepvoerlotepde dO troa cclaet eDra ftoarb aosthee r,"R 33 230 023,37","R 105 947 302,00","R 169 192 786,79",2023/09/29,2023/10/01,2024/03/31
35,Q3 2023/24,2023/11/02,Department of Home Affairs (DHA),Extenssioenr voicf es ccolepaen ifnogr tchoen tardadctit itoon caol vneurm tbheer Doifg citliezaatnioenrs p irno tjehcet .c urrent,SBAPA (Pty) Ltd,To cover for the Digitization project,"R 12 052 800,00","R 2 353 567,92","R 562 378,30",2023/10/23,2023/11/01,2024/04/31
36,Q3 2023/24,2023/11/02,Department of Home Affairs (DHA),"Extension of contract for the advance passenger processing system and
services (APP) contract.",SITA BV,"APP is needed for business continuity to manage the risk related to illegal
movement to the country.","R 120 384 000,00","R 1 500 000 000,00",R -,2023/10/26,2023/12/01,2024/08/31
37,Q3 2023/24,2023/11/02,Department of Home Affairs (DHA),EMxtaennasigoenm oef ncto snytrsatecmt f olirc ethnec epsr oavsis wioenliln ags o sf uBpipoomret tarincd A mccaeinstse nCaonncter.o l,Datacentix (Pty) Ltd,Due to the Bcrioitmicaelt rnice eAdc coef stsh eC loicnetnrocle M ina noardgeerm feonr tt hsey sDteempa lrictmenecnet st.o retain the,"R 189 101 961,30","R 61 609 934,12","R 56 996 232,00",2023/10/26,2023/12/01,2024/11/30
"38
39",Q3 2023/24,2023/11/09,Department of Home Affairs (DHA),For the provisLioinnd oefl afa Fcailictyili tmy ainncalugdeimnge ntht es eDrHviAce Cs otolle cgoev er the rest of,Enviromongz (Pty) Ltd,To cover the rest of Lindela Facility including the DHA College,"R 51 886 730,83","R 64 866 513,07",R -,2022/01/14,2022/02/01,2027/01/31
40,"Q3 2023/24
Q3 2023/24","2023/10/20
2023/12/05","Department of Human Settlements (DHS)
Department of Justice and Constitutional Development (DoJ&CD)",PTerocvhinsoiolon goyf (MT CeaRainTmt)as in nraconlo ucm seiv sae Pn odr fo sf seueps xspuioaorln toa ofl ffL e ti nhc see e nCss oe sus yr st tRemec (oSrdOinSg),"Microsoft
Datacentrix","Sole Supplier
Business continuity to allows for the finalisation of the procurement process.","R 46 014,98
R 18 054 998,85","R 771 154,53
R 26 220 000,00","R -
R 49 646 663,75","2023/10/06
2023/11/23","2023/02/21
2023/11/25","2023/02/24
2024/02/25"
41,Q3 2023/24,2023/12/05,Department of Justice and Constitutional Development (DoJ&CD),Panrodv Cisoionns toitfu Ttioranvael lD meavnealogpemmeenntt asnedr vtihcee sN taot iothnea lD Perpoasretcmuetinntg o Af uJtuhsotricitey,2) Gemin1i m) Toroanv etrla wdiitnhg Ft/laai rX L Nexus,Business continuity to allows for the finalisation of the procurement process.,"R 100 000 000,00","R 538 243 447,77","R 175 000 000,00",2023/11/23,2023/12/01,2024/01/31
42,Q3 2023/24,2023/09/29,Development Bank of Southern Africa (DBSA),ETnrVasanursri eaa tcTiothinoe nO CAr oddmevrips Foleortsir o TT no h Oe E fE xTtxehis entd i Dn Tg ra hR fetEiirn I gSP cP OoP fp P Te h BOei dfR WW fpoi n Drdkoo Icwnu mO7 e rLdneetagr taTiol on,ENS Africa,Variation order for the extension in the scope,"R 2 332 366,00","R 680 000,00",R -,2023/09/21,Not indicated,Not indicated
43,Q3 2023/24,2023/09/29,Development Bank of Southern Africa (DBSA),Extension of Recruitment Panel for 2 months,Recruitment Panel,"To requceosnt tara tcwtion-gm aonndt ha epxptoeinnstiinogn ,t hoen nae mw oGntehnteor-imc oRnethc rbuaitsmise,n tto P caonnecllude on",R -,R -,R -,2023/09/21,Not indicated,Not indicated
44,Q3 2023/24,2023/10/13,Financial and Fiscal Commission (FFC),Procurement of Microsoft licenses,Dynafica Solutions,"Due to limited resources at SCMc ounncitl,u dtheed evaluation process could not be","R 113 656,80","R 596 706,35","R 61 604,35",2023/09/30,2023/10/01,2023/11/30
45,Q3 2023/24,2023/11/01,Financial Intelligence Centre,inclcuVosaniortrniaa t tci oot n tdh uo eef D tthoEe Ta A Sd aldEtr siLto io pn (n a DKa retal tormea fcu b ttl hi itn oi epa n l e eB a xnsu isdes t ia in Snre gces hlecs oac I tnnn iotdt re n aml )l ci garteerrpniaocge rte ( t B oin I bf)o epr mr do eaje ltiivcoetn r ed,Altron Karabina,edneTheah penec rD einEdt T otoS s EaulL slop rwee c pfioo orr u t sm w auh cltic tipih vlie tf i o easr sdem daws tr iic otp hh na o acr ulta t q ophufaa ib rt vh ii eile ni stg y .c u ttohrra wet n awt i ticl lfo oen rnt raaab c tlhet i rntdhe ee p d aFs rIt Cyto tt oob e rdu ign,"R 9 938 704,00","R 484 150,00","R 1 543 541,00",2021/12/03,2022/03/08,2024/02/29
46,Q3 2023/24,2023/10/12,Government Pensions Administration Agency (GPAA),"Mainframe technical support, data replication and failover services",Gijima,"To ensure that CIVPEN system isu andvaeirlawbaley, while the replacement project is","R 13 858 646,55","R 49 450 000,00","R 40 093 115,28",2023/11/10,2018/01/08,2024/03/31
47,Q3 2023/24,2023/10/30,Government Pensions Administration Agency (GPAA),SMS services (WASP) Wireless Application Service Provide,SITA,"To allow fomr insiumffiisciinegn tt htiem reis tko opfr poocusrseib alen sSeMrvSic es edrivsircuep ttihornosu.ght SITA ,","R 1 508 800,00","R 4 409 899,40",R -,2023/10/30,2021/01/08,2024/07/31
48,Q3 2023/24,2023/11/22,Government Pensions Administration Agency (GPAA),MaRineteqnuaensct efo ar nPdr oSpuopspaolr Ft oSre Lrveicaessin gfo or fa M Poebriioled B ouf sFeisve I n(c5l)u dYinega rs.,African Mobility Solutions,Expand the scope to include Solar Panels & Connectivity Services.,"R 148 005 000,00","R 20 493 000,00",R -,2023/07/17,,2028/01/09
49,Q3 2023/24,2023/12/07,Government Pensions Administration Agency (GPAA),EDMS Maintenance and Support Services,Elikhulu Software Engineering,To continue with EDMuSp lmoaadinst ecnoamncpele taen ds uscucpepsosrftu ltloy ensure that the dailty,"R 2 521 260,00","R 1 717 939,58",R -,Awarded by SITA,2023/01/10,2025/09/30
50,Q3 2023/24,2023/11/01,Health and Welfare S(eHcWtorS EEdTuAc)aStEioTnA and Training Authority,Printing of exam papers for HPO NQF L3 EISA,Kemesamo Printing,There was a misprint of the total number that was needed,"R 26 001,00","R 173 345,25",R -,2023/03/05,2023/05/05,2023/05/05
51,Q3 2023/24,2023/11/01,Health and Welfare S(eHcWtorS EEdTuAc)aStEioTnA and Training Authority,Extension of scope for website maintenance,Madrush,"T sh i4tee8s 8c , oeannntddrae tcsot iefno ntAr hs eut uh gr1e eu 5 sm t%th a e2 i a 0n dlt2 leoe3swn.ia gaFn nnoc cire se e o coff of f i ct nthishee iesn c tc oeay rnr igae t.ine nTdr a h lpi en oo t rr ee dt xra egtl er rf ano attr miioo t onnh ue oo n ffa t .stmhceo o u pHn eWt io sSf EwRTi4 tAh8 i n6","R 72 973,20","R 486 488,00",R -,2023/03/08,2023/01/09,2024/08/30
52,Q3 2023/24,2023/10/13,Housing Development Agency (HDA),Extension of lease on the 25th KfloZoNr oofff itchee embassy building for the HDA,Delta Property Fund,TKhew amzeudluiu Nma ttaelr mpr oovpinecraiatli oHnuaml palna nS aegttrleememenetnst fnoor tt hyee tn feinxat litsherede w yiteha trhse,"R 325 646,50","R 1 900 959,99","R 260 517,18",2023/10/13,2023/09/01,2024/01/31
"53
54","Q3 2023/24
Q3 2023/24","2023/10/06
2023/10/06","Human Sciences Research Council (HSRC)
Human Sciences Research Council (HSRC)","Job evaluation and construct a best suited remuneration structure
Annonynous Tip-off services","Emergency Growth SA
Vuvuzela Hotline","Re-evaluation of old and evaluation of new identified posts
Conduct an investigation requested by HSRC Board","R 69 287,50
R 947 363,10","R 975 487,50
R 265 822,50","R 110 563,00
R -","2023/09/11
2023/09/20","2023/10/01
2023/10/02","2023/12/31
2023/10/31"
"55
56","Q3 2023/24
Q3 2023/24","2023/10/31
2023/10/31","Human Sciences Research Council (HSRC)
Independent Communications Authority of South Africa (ICASA)","To facilitate storage handling and removal
Provide Secuqriutya rSteyrslyte bmass iMs afoinr tTenhairntyc-eS iaxt (I3C6A) SMAo nHtehasd Office on a","Biddulphs
TMZ Communicatio(Pnsty a) nLdtd B usiness Solutions","To finalize assets disposal
TTwMoZ ( 2C)o cmomnturonlilceartsio ants f imnaanincnteea eien dns et ra dal ln tt och ee b e sa e rnecdpu ar laist cyse es dty sstteomresro aotm th we eHreea fda uOltfyf icaen.d","R 295 665,00
R 19 120,00","R 999 739,87
R 128 030,00","R 284 400,00
R -","2023/10/19
2023/06/15","2023/10/19
Not indicated","2023/10/31
Not indicated"
57,Q3 2023/24,2023/10/31,Independent Communications Authority of South Africa (ICASA),Provision of Media monitoring Services for a period of 36 months,KTM Knowledge Solutions,KTM registered arse am VaiAniTn gv einnvdooicr easn do nw tihll en ocwon btrea cctharging Vat for all,"R 18 708,70","R 448 999,92",R -,2023/10/19,Not indicated,Not indicated
58,Q3 2023/24,2023/10/31,Independent Communications Authority of South Africa (ICASA),"Provision of Cleaning, Pest Control & Hygiene Services at Head office",Impact Cleaning CC,The contract extpernosciounre fmore nhty gpireoncee sasn d i sc lbeeainnign gf insaelrisviesdes while the new,"R 669 205,08","R 5 204 991,00","R 277 934,77",2023/10/25,2023/11/01,2024/04/30
59,Q3 2023/24,2023/11/16,Independent Communications Authority of South Africa (ICASA),"Provide o sff e-s rve ict ed o foc ru m the en pt ems rtaio onr daa ggoeef mtf haeic rnti yltit -i se is (a 3n 6d r men od ne thr document
x ) s",The Document Warehouse,additiConoanlt/riancctid veanrtiaalt ioofnf -fsoitre r estcteoo rrr madg s oe fo sf tf hes eritv e cic osentsto rrtaha cag tt.e c coounldtr abcet rteoq iunicreludd ed uthrien g the,"R 260 764,80",R -,R -,2023/08/24,2023/11/08,2026/04/05
60,Q3 2023/24,2023/11/29,Independent Police Investigative Directorate (IPID),Contract: Cleaning and Hygiene Services,SSG Cleaning (Pty) Ltd,"o cr olot ech ff oaef ti hnncrn eese i dsdC n e ebma r wyp ae e boa o lnsP y ffeu ir l cr o ace ev rls ,gei n eai6 tc rn7i b a et5 el hr c O as aanqf nm fu dtic ha e e eir te d r wp ie fmr ofal e io ce fsv fc u t ii cmea o ltert u aes f s osn d i rpano t a gofotf cenei c en lar yeme .b . ow ls eT n .oh ep Tef r ce atp lom ekrt iaeia ns nvgle eif osl iro nu, ttost oohr oe acsf lcpf en icac ae oec nw ue wl nt y hw ta ea ths hc ei c eoq nh nu ts ilii ryirs zee e d","R 92 892,51","R 9 751 094,16",R -,2023/11/02,2023/11/02,2024/07/31
61,Q3 2023/24,2023/10/31,Insurance Sector Education and Training Authority (Inseta)SETA,Panel of recruitment agencies,Mastech Pty Ltd and Affirmative Portfolio,aTnhde epxuprapnossieo nis o tfo s rceoq rpeuee n dsot ef rftr ihnoegm po at fh nreee lcC orE uf iO trme acerp nup ti tr smo everanvl it c fso eer s r.tvhiece cso cnotrnatcrat cvta rfoiart itohne,"R 972 000,00","R 1 000 000,00",R -,2023/03/22,2023/03/22,2023/09/30
Number,Period / Quarter (Use dropdown List),Date Received By GMC (yyyy/mm/dd),En(Utistey d/rDopedpoawrnt mLiset)nt,Project Description,Supplier / Service Provider,Reason for Expansion,Value of Con[tRra] ct Expansion,Original Co[Rn]t ract Value,Value of Prev[Rio]u s Expansion,Awa(rydy byyy /AmOm/ /AdAd )date,Contract start date (yyyy/mm/dd),Contract expiry date (yyyy/mm/dd)
62,Q3 2023/24,2023/09/21,Insurance Sector Education and Training Authority (Inseta)SETA,Reqtou ecsotv feorr acdodnittrioancat le cxop pma enprs fooionren m nb atsy n cfinoecr i r nae fna ons ruminaagl t fitiohnnea nrceisaol usrtcaete amnedn tthse a hnodu rs,Rain Chartered Accounatants,"aaR dsadasdriis en dt si C tw sioh ininta ghar t lt o ehcfre oe p mdf ri i npoAalric an yyccn eeoic aa au e rl rn ya at aaen uunad ddtr is it qt e wuw qnauode leri r tp kre yiir e noa rsgecp , ve p fai ise lo esswi sne a it ssoe mt fd a ow an nt no id gtnh pAu o tr aF tho hleS v ef i i rd cnp soe ar .e m ntpch piar aie lr ala e stt itoiroae nnts e oopmfur oecrc ucne retsr s et ,os n , t","R 311 328,00","R 645 680,00",R -,2023/04/19,2023/04/24,2023/07/31
63,Q3 2023/24,2023/10/31,International Frontier Technologies SOC Ltd (Interfront),Internet links contract expansion and variation,Adept Internet (Pty) Ltd,Business continuity,"R 221 720,00","R 532 128,00",R -,2023/10/03,2022/11/18,2024/03/31
64,Q3 2023/24,2023/09/19,Legal Aid South Africa,"Koffiefontein Agency
Agreement",R.C Ishmail Attorneys,Tender process not yet complete,"R 125 874,00","R 877 344,00","R 251 748,00",2023/08/29,2023/09/01,2023/11/30
65,Q3 2023/24,2023/09/19,Legal Aid South Africa,JagerAsfgorneteemine Angtency,R.C Ishmail Attorneys,Tender process not yet complete,"R 97 155,00","R 726 480,00",R -,2023/08/29,2023/09/01,2023/11/30
"66
67","Q3 2023/24
Q3 2023/24","2023/09/19
2023/09/19","Legal Aid South Africa
Legal Aid South Africa","Kwazulu-Natal Provincial Office
Upington Local Office","Essex Terrace Property Partnership (Pty) Ltd
Usentra (Pty) Ltd","Unresponsive tender
Unresponsive tender","R 368 670,54
R 611 274,66","R 2 634 225,30
R 5 149 160,64","R 1 216 361,80
R 611 274,66","2023/08/29
2023/08/31","2023/09/01
2023/09/01","2024/03/31
2024/02/29"
"6689
70","QQ33 22002233//2244
Q3 2023/24","22002233//0099//1199
2023/09/19","LLeeggaall AAiidd SSoouutthh AAffrriiccaa
Legal Aid South Africa","VCearpeee nTiogwinng LLooccaall OOffffiiccee
Bulwer Satellite Office","SLoaunthg eAnfhriocvaenn R Feasmerilvye T Bruasntk
Stavcom CC","TenderU pnrreoscpeossn snivoet yteent dceormplete
Upliftment of su(svpaerynisnigo no pf etirmioed, onon tfhinea nccoinatlr iamcpt lticoa ntieowns e)xtended period","RR 2 343244 776359,,2802
R -","RR 28 872609 310250,,4189
R 653 444,40","R R 2 5 8 2 4 1 8 , 4 -0
R -","22002233//0088//3311
2023/09/04","22002233//0099//0011
2024/11/01","22002244//0028//2391
2026/11/30"
"71
72","Q3 2023/24
Q3 2023/24","2023/09/19
2023/10/19","Legal Aid South Africa
Manufacturinga, nEdn gTirnaeineirningg A aunthdo Rriteyla (tmede rSSeErTviAc)eSsE STeActor Education","Maintenance and support services agreement
Rental of 15 Laptops","Blue Computer Technologies (Pty) Ltd
Govtek Technologies",coF nu tr it nh ue itr y e wxt he iln es i po rn o cfo ur r e3 m-m e hno atn st p h brs o e S ctf eer eo no rbsl m emu es s xp riiS tsn er ro ee emuvps mnti std ade ee lem slyr r wb pe a or y o 2 . r .0 M2 a3 r kis e tr e req su pir oe nd s t eo fe on r s lour ne g -,"R 6 504,25
R 67 275,00","R 6 504,25
R 139 322,50","R 6 504,25
R 44 850,00","2023/08/31
2023/01/13","2023/09/01
2023/01/16","2023/09/30
2023/07/15"
73,Q3 2023/24,2023/09/26,"Manufacturinga, nEdn gTirnaeineirningg A aunthdo Rriteyla (tmede rSSeErTviAc)eSsE STeActor Education",Facial Recognition Security Services,Stallion Security (Pty) Ltd,ExpamnesriSonE TofA s sctoapffe m :aedmdbiteiornsa wl mithe daissuarbeislit iteos a(Wllohwe eblucihldaiinrg a acccecesss)s for,"R 90 111,35","R 529 842,43",R -,2022/10/07,2022/11/01,2027/05/31
74,Q3 2023/24,2023/09/26,"Manufacturinga, nEdn gTirnaeineirningg A aunthdo Rriteyla (tmede rSSeErTviAc)eSsE STeActor Education",Internal Audit services,Shumba Inc.,Awaiting procurement process(advertised tender) process to be finalised.,"R 601 097,37","R 1 477 516,13","R 68 040,00",2020/08/31,2020/09/01,2023/08/31
75,Q3 2023/24,2023/10/24,"MedEiad,u Icnafotiromn aatniodn Tarnadin Cinogm Amutuhnoicriatyti o(Mn ITCeTc hSnEoTloAg)ieSsE TSAector",coAveprp roainlatmteedn st eorfv iac eSse frovirc Me IPCrTo (0v Si 3dE)e Tyr eAto a a rp ssr .soevtisd ec oav sehr ofortr- tae rpme riinosdu roaf ntchere e,Kunene Makopo Risk Solutions (Pty) Ltd,fop nrrT o eMhv wie Id lCy er Te ar q cfSou qEre u Ts io rt Aer t d to ah Msev s a IpeCrry t uo Ts nvt h c fSi ose oEi ro v ec Ten so Ar eon f et ffor i nxaa re c uas dt n h p fa ao aem sr vrt soio-oet uuedtrn sr aotm bhff alo eitn vhr s esrt euh itiree nua sa (na ut0c ip ro3e ap n) no scyci .on eevt a me crr ose v rn ie est l r ao t oatfe ga ed a n s is nsee surr trv vei aci c nteehy as t,"R 157 513,93","R 486 445,45","R 643 959,37",2023/10/04,2021/08/01,2024/07/31
"76
777789","Q3 2023/24
QQQ333 222000222333///222444","2023/11/07
222000222333///111000///110993","MedEiad,u Icnafotiromn aatniodn Tarnadin Cinogm Amutuhnoicriatyti o(Mn ITCeTc hSnEoTloAg)ieSsE TSAector
MMiinnNiiannggtio QQnauulaa Clliiffoiiccnaasttuiioomnness rAA Cuuotthhmoomrriittiyys s((iMMonQQ (AAN))CSSCEE)TTAA","Th se ep rrr voe ivcqiedu see rs f otf ort orM ov IrCa rtThy e St hpEerT oc Avoi sn ait sor sanec ott s fa acm oso vhu eon rr ttf -ofto rer ra mt h p eien rasiopudpra o onin fc tetm h cre eon evt e(or0f 3rae) lsaye eter avdri sce
phase 2 Adedvdeitlioopnmal eAnnt tuaivsniredu soa fda sdnatdivo i Mnnag el m soysryte mmo ddeevlselopment","Kunene Makopo Risk Solutions (Pty) Ltd
Dssooalltuuaggcrreoonwwtrttihhx","(mTP eTh et fy fhe mo) i s rr bt t eo ie stq or iu sn a e c c a cs olun rt nd i d ttt ie ro cao ate cfh lf tx ie i cp na e sap rsunrseo rd arvi svntish iccdieo eeu n c e cp u o oertr oof vr v ee vi ensirn ndde t atee v s sorem c frtt onaohlaip l et p wye u ro n so/o rs uvglf ui i ia atdK c sb necu .i ie l sni Bts aey os tn iaif oenurns ldM cus or ooaa ufuk n lrDo dccp iei brno e egc cR o atpovi ts re rok rsr ic s Sf Le koo is ar il s nu bb t ii to li niho ta yen ar , s nd
ExpaCnosniotinnus oiatfyv s inocgfo ssp eer voifc ework","R 826 993,87
RR R 32 40 32 65 29 08 ,, 06 -03","R 486 445,44
RRR 136 971601676 370224280,,,430020
2","R 340 548,43
R R R 1 6 5 5 0 , 0 - -0","2023/10/24
222000222333///110009///111092","2023/10/24
22N00o22t33 s//11ta00t//e11d69","2025/10/23
2N N0o o2t t 4 S s/0tt aa3tt/ee3dd1"
"88880123
84","QQQQ3333 2222000022223333////22224444
Q3 2023/24","2222000022223333////11110000////00333500
2023/11/20","NNNNaaaattttiiiioooonnnnaaaallll CCCCoooonnnnssssuuuummmmeeeerrrr CCCCoooommmmmmmmiiiissssssssiiiioooonnnn ((((NNNNCCCCCCCC))))
National Heritage Council South Africa (NHC)","ImplementaICtoTn- SBa MAnad Gce kds E-iuea Epn mp Rdo oPIrnn t S fitoroyaf rs siO tnt ergpu mtc-tOuruet of registry
Software licenses for the Acronis Backup System for year 2","e L- AS Ro Df aMtwa nadtaar r kAce ee tsn Iot oQrli cux it aio ten ss
s s
Lez Technologies","TeAnEddxdepirat io npEn srx oa iot cel nePn sosusfibo slnnic co o otI fP py t e eiam tod e cfr oe wms ospre kleste
thTeh th eAe R cinrFoitQniai sli n abc malucodkueundpt atsh nye ds lti iec nme an d. s eTe qhs ue af omter a 2 fiun y ntee dna sa r wsn ceweri e tah an m vda asiliuanpt bepleno arfn ot c rc ehy aearangrde 2 ss u leicpxepcnoecreetd soend","RRR R 12 2 31 0 52 4 98 4 48 ,,, 776 -043
R 235 253,25","RRR 2 15 916 0654 8685 318 2259 2288 1,,, ,435 4055
R 3 8 5
R 21 747,57","RR 1 22 05 29 58 98 88 ,, 67 --30
RR
R -","2222000022223333////01119000////20120460
2023/11/30","2NN N0oo o2tt ss s/1tt taa a1tt t/ee e0dd
t3 d1
2023/11/01","2NN N0oo o2tt ss s/1tt taa a2tt t/ee e3dd
t3 d1
2024/10/31"
85,Q3 2023/24,2023/11/20,National Heritage Council South Africa (NHC),60th aniversary of the RivoniaL ilTlierasille haefld on 28 September 2023 at,Malalas Holdings,"rsAvdpd oitino ntiaml ec,h aa rbgaecsk ruepla gteedn etora ttroarv de sul ea r vtr ioca enlosgaedmsehentdsd finogr aatntedn addedeisti otnhaalt cdaidte nrointg
e r","R 815 770,00","R 18 113,50",R -,2023/09/21,2023/09/22,2023/09/29
86,Q3 2023/24,2023/11/20,National Heritage Council South Africa (NHC),Intpeargrtenneersrahtipio nwaitl hD tihaelo Mguaes huinlad Mne per u tTmhre aa ldC aintuigolt anuar .al lC Eoxupnrceisl sinio Mnsa tpibroidgi rVaimllamgee in,Hamba Umhlaba Travel,Th2e0a 2R v3aF ialQ anb dw le at haset f tosher e rv vteiicmheic e lp e or ofr evqin udt oea trl a fctr iho oam ntr rg aaPesvr d ee it let fo do rr eri a pth eteno d tMosl plogu nam tteha elfae rneogsaa dw o hunis c2 eh6 d w - b ey2r 8eth Jneuo nt e,"R 19 831,36","R 391,17",R -,2023/06/26,2023/06/26,2023/06/28
87,Q3 2023/24,2023/11/20,National Heritage Council South Africa (NHC),Attendance of the oKpheoniisnagn o Lf ethaed eLrims pino Lpiom Hpoopusoe of Traditional and,Hamba Umhlaba Travel,T cthroae sv tRe blF utQot c Ld hMiimad r apgn yoo e pt 2d o 0i n d 2dad3inic t diaa o nttneh da e t lt h hfse oee r nr ttv eu him acee m b k e pitlr or r o amov vf ei e dk tle lei elorrd smm aeea nxtd e caeer ds ep d dtr ih toeia ovdti n.s atiTho l e hn 5 e 3tf ro 0ta rr kv i pm2e 0l w.e0r ak snm e n ea 3dt sn- ot 4o,"R 4 124,96","R 2 582,90",R -,2023/05/03,2023/05/03,2023/05/04
88,Q3 2023/24,2023/10/13,National Home Builders Registration Council (NHBRC),Accreditation of the NHBRC Construction materials testing laboratory,S G S M etrolab,Extension of time due to delays,R -,"R 975 821,00",R -,2023/10/13,2020/03/20,2024/12/19
"89
90","Q3 2023/24
Q3 2023/24","2023/10/02
2023/11/14","National Nuclear Regulator (NNR)
National Research Foundation (NRF)","Administration of Thermo-Luminescence Dosimeters
maStCeerr aivapicle e( rT ap odr woiov npi dhtoea rri mtt soa ccclo ieelunlettic sct a, w lst or a raln dnsdwp iro dar edt ,if oocil rse oaat rop pa een ridso) df of rorow fm fa o riuTd r h r (ea 4md ) ibo yaea acLt rAi sv Be S,","SABS
NTP Logistics","Continuity of service
Variation: Extension to due date with no additional cost implications","R 90 618,74
R -","R -
R 11 580 859,38","R -
R -","2023/09/29
2023/10/31","Not Stated
2017/12/22","Not Stated
2024/03/31"
91,Q3 2023/24,2023/11/14,National Research Foundation (NRF),"MeSduicpipnley Danedp adretmliveenryt ptooef ricTiolhe dea mon frb o taho rmLeA euB n (S3d ),e YrFgaeauarrrmes,e nWtse sfoter rtnh eC aNpuec,le faorr a",Basan SA (Pty) Ltd,Variation: additional contraecstt ivmaalutee dn eqeudaentdit iaess actual quantities exceeds,"R 10 575,00","R 210 000,00",R -,2023/11/01,2023/11/01,2025/11/03
92,Q3 2023/24,2023/11/14,National Research Foundation (NRF),Organisation review and SFkoilulsn dAautdioitn for the National Research,Meso Management Consulting,Variation: It is as a result of ONE NRF renewal process,"R 793 500,00","R 2 668 058,00","R 900 000,00",2023/11/01,2023/08/01,2024/08/01
93,Q3 2023/24,2023/11/24,National Research Foundation (NRF),Aprpeofrienstmhmenetn otBsf r a utom s tmehreev riNc iaeR PFp r r esoatv otiderielalir t fet oo rk oiatcp pheeeranritsoe da N to Rtfh F 1e 2 cN a mRn oFte n eHthnes aadn dO tfofi cseu pinp ly,Mosenong Catering (Pty) Ltd,foTr csh ocT ae na t h etctereo lalrr in e tci ent t rg i sa pk c is ea tcte rn ihra o v eum dir nc go b e aeu ys nn n sdat t i s xi n cs e aa me e t er ox deh rn ista tnohuu g sls et c rt xt uo ee op rf fd r raa e eend c nsdmu c th e op mt dh ml etoe eo mmy n cte taoh o se ne d ns nd at s ertrai eeeg c dtn cut si afra inc nomia tn fe ong tehut nt enion tm N ctarh Ranee nd Fa ao s e tgfe ofxe i tci mmene nee d df neeu ttltm l h- att hea nim e n d d e .,"R 308 321,00","R 483 287,50",R -,2023/11/17,2023/02/01,2024/07/31
94,Q3 2023/24,2023/10/25,National School of Government (NSG)National Department,Provision of services: Physical Security Services,Phutadichaba Trading Enterprise,Extension of current contract,"R 17 538 566,28","R 876 928,32",R -,2018/10/15,2018/11/01,2023/10/31
95,Q3 2023/24,2023/10/16,National Treasury,InteRgerqituye Estv atolu aatpiopnro (vMe ItEh)e ( 6P%TY a)n LnTuDal rpergiciset reastcioanla Ntioo n2 f0o0r3 M/0a1n6a5g4e1d/0 7,Managed Integrity Evaluation (MIE) (PTY) LTD,To make provision for annual price escalation,R -,R -,R -,2023/07/28,2022/04/13,2025/04/14
96,Q3 2023/24,2023/11/14,National Treasury,TRreeaqsuuerys ta fnodr eExxtpeenrsieionnt iaolf Tae ccohmancoohlnoi tnghgise asg (rPeteym) eLnTtD b beytw ae efunr tNheart iothnraele,Experiential Technologies (Pty) LTD,thre HeeT mnwcooen tsthhe ses s troieo qcnuaset ewsrte ffr ooe rr m bthoisets h ae tgd hr eea en pmd eo vseh etna pntd ot sp nt .eo er dibo e sde ptsoo s s ibotep n o se nxaetned dn tdaoen ldya tbue nyr f d oaa r fetue srs eth. eearb le,"R 67 850,00",R -,R -,2023/11/09,2023/08/17,2024/02/16
97,Q3 2023/24,2023/11/24,National Treasury,Reqcuae Tbsient c ef htosnr o aa lotp gDp yrR o A vsgaitele nt o cin yd Po (Si ea ItTne Aram)d asd ereirtnzvdbicuuemr gl e fto voer lta hanegn rSe exteau mtree e InVnt f –o(S rHmLo Aas )tti.oinng of,SITA Pty (Ltd),To accommodate a price increase,"R 53 895 275,54","R 7 353,89",R -,2023/11/10,2022/04/01,2027/03/31
98,Q3 2023/24,2023/11/30,National Treasury,TRreeaqsuuerys ta fnodr eExxtpeenrsieionnt iaolf Tae ccohmancoohlnoi tnghgise asg (rPeteym) eLnTtD b beytw ae efunr tNheart iothnraele,Experiential Technologies (Pty) LTD,Tw mtho oe ns tre hes sqs uti ooe nscsta ftwoere r rtfhe oe rm bai osgs trhee ed thm a een pnd ot h spa teepd vro i eot no ndet sdbt .o e s bepeso s seit oxp ntoesnn e add ned dt o ab nlya y ta e u r nf ud foratrht eeessre .t ehH areebnelec e,R -,"R 67 850,00",R -,2023/11/09,2023/08/17,2024/02/16
99,Q3 2023/24,2023/11/30,National Treasury,Reqcuae Tbsient c ef htosnr o aa lotp gDp yrR o A vsgaitele nt o cin yd Po (Si ea ItTne Aram)d asd ereirtnzvdbicuuemr gl e fto voer lta hanegn rSe exteau mtree e InVnt f –o(S rHmLo Aas )tti.oinng of,SITA Pty (Ltd),To accommodate a price increase,"R 88 246,68","R 53 895 275,54","R 3 756 701,07",2023/11/10,2022/04/01,2027/03/31
100,Q3 2023/24,2023/10/31,Performing Arts Centre of the Free State (PACOFS),Provision of Ticketing services on a need basis,WEBTICKETS,Maximum value of R1 000 000 not reached,"R 1 000 000,00","R 1 000 000,00","R 1 000 000,00",2023/09/29,2023/10/02,2024/10/01
101,Q3 2023/24,2023/10/09,"Petroleum, Oil and Gas Corporation of South Africa (PetroSA)",Vodacom Internet Service Provision,Vodacom (Pty) Ltd,Single source,"R 1 778 000,00","R 12 166 900,00","R 1 763 000,00",2023/10/05,2024/01/31,2023/10/09
102,Q3 2023/24,2023/11/21,"Petroleum, Oil and Gas Corporation of South Africa (PetroSA)",Firewater Project,Mdc Arendse Construction,Continuity of service,"R 3 869 860,00","R 12 908 004,89",R -,2023/11/20,2023/08/01,2026/11/16
103,Q3 2023/24,2023/09/21,"Petroleum, Oil and Gas Corporation of South Africa (PetroSA)",Survival Training,Cape PenTiencshunlao lUongiyv ersity Of,Operational Requirement,"R 120 000,00","R 765 000,00","R 1 866 978,00",2023/09/21,2023/09/11,2024/02/28
104,Q3 2023/24,2023/10/10,Public Service Commission (PSC),EAvaplpuraotvioanl v(Partiya)t iLotnd offo rth teh ec usrerveennt cmoonntrtahcst rwemitha imndaenra goef dth eIn tceorngtrriatyc t,Managed Intergrity Evaluations Pty Ltd,Verification qualifications parnodc ebsasc kisg rnooutn idn tcehrreucpktse dto ensure that recruitment,"R 60 000,00","R 100 000,00",R -,2022/03/31,2022/04/01,2023/03/31
105,Q3 2023/24,2023/10/11,Quality Council for Trades and Occupations (QCTO),Internet connectivity,Comsol Networks,Extension of scope,"R 12 075,00","R 192 899,85",R -,2023/09/21,2023/09/22,2024/09/21
"106
110078","Q3 2023/24
QQ33 22002233//2244","2023/12/12
22002233//1100//1155","Railway Safety Regulator (RSR)
RRaanndd WWaatteerr","Dinner for SARA Board members attending meeting at RSR Office
ConstrCucotniosntr uocf trioona dosf Einncgluindein gR oeoamrthwork","Blue Cloud Travel Solutions
PlaneWt KE aCrothn sCtrouncsttiorunction","Additional ten (10) Members to attend the meeting
IInnccrreeaassee iinn ssccooppee ooff wwoorrkk","R 6 993,80
RR 3 2013 719134 892148,,3465","R 17 484,50
RR 8497 078673 492686,,3667","R -
RR --","2023/11/29
22002233//0190//2082","Once off
22001199//0065//1087","Once off
22002243//1122//3301"
"110190
111","QQ33 22002233//2244
Q3 2023/24","22002233//0191//2196
2023/12/08","Road TRraofafidc IAncfrcinidgeenmt eFnutn dA g(RenAcFy) (RTIA)
SASRIA","LegalD oaptiancioenn t-r eR aHtoiosntianlgis ation
Panel of Legal service provider","VodacoMmN (SPty) Ltd
List of Service providers (attached)",There has been internal delaCyS so enintriv ntiuhc pieety a fc niono efan l lst ii zen aurtvi itioycne of the evaluation of the new,"RR 1 4 547274 807050,,0000
R 2 000 000,00","RR 5 0 354050 904060,,3040
R -","R R 5 8 5 4 4 3 0 5 , 4 -1
R 240 000,00","22002233//0190//2099
2019/12/11","22002233//0190//1130
2020/02/17","22002243//0190//2390
2024/03/31"
112,Q3 2023/24,2023/12/08,SASRIA,Panel of Forensic investigation services,Listing of Service providers (attached),There has been internal delays in thpea fnineallization of the evaluation of the new,"R 3 000 000,00",R -,R -,2019/12/19,2020/02/17,2024/03/31
113,Q3 2023/24,2023/12/08,SASRIA,Supply and Maintenance of Airconditioning,Phola Airco Enterprise CC,Thaen p urorgceensts n teoe fdin atoli zree pthlaec ea wthaer dm oafi nth aei rn ceown dteitniodneerr wunaist idne tlhaey esde ravnedr rthoeorme is,"R 802 194,00","R 257 700,00",R -,2020/11/17,2021/01/01,2024/03/31
114,Q3 2023/24,2023/11/22,SENTECH,Saenndat tei tb cnohot hhw a p sdr ouaedc uqfcou tri ir ore ne id P na aew nawde Sa b D lM i. nR Te P ht sh reiito v ealdisc ts eei nl ni occs rleeu n pdss u inae bgrs lie ccu uls Cose ule od dd u f d dof )eor . prs lsoyys yst meteemmns t siinn (tt eee igg thrraeatrtii oonn,Mosen Technologies,TaencthivTniroou lsop gr to oiev sSid eiesn m tae a cmn haa ofng ofa te rhg d epe rsd eoe nasc dceu tc ur iviu st eyr ei t rasy ne d sdr eve vrirc iecve ai ec csfeo t iar vpe nern do mt ve siadr ep le rwr vri eas( rreM se .a Srn eSt aiPv l-i)r t u ifmosr. e TM rpeo rnosdte e nMc tiicorno,"R 1 997 848,42","R 591 253,00",R -,2019/09/16,2019/09/16,2024/09/17
115,Q3 2023/24,2023/09/26,Services Sector Education and Training Authority (SSETA)SETA,Proc T589-The appointment of as yssetervmicses provider to support microsoft,Vision Wave (Pty) Ltd,"imTtphhe lee mrpereaons scto tearns ati sotf e o no gr fo y trf,h e te shne eer rrewveq i ciun weeg ess r st Se ow Em ca Thes aA o n d igfnu ette eh s egt o o rIa nCt t h ehTe od s w f iaun pc fIoCtp rot Tmhr at wa tct iiltoolh n bnet e rmoa sr ac ugtnpsa a. pn gA ois el rsa mto eti e, do nw .n t iwtshya stsht eein m","R 783 810,00","R 5 225 400,00",R -,2023/09/20,2020/10/01,2023/12/31
116,Q3 2023/24,2023/09/26,Services Sector Education and Training Authority (SSETA)SETA,Proc Ta5n9d4 c-Tomhem aupnpicoaintitomne tnetc ohnf oal osgeyr v(iIcCeT p)r ionvfridaesrt rtuoc tpurroev isduep pinofortr.mation,Dataproof Communication (Pty) Ltd,"imTtphhe lee mrpereaons scto tearns ati sotf e o no gr fo y trf,h e te shne eer rrewveq i ciun weeg ess r st Se ow Em ca Thes aA o n d igfnu ette eh s egt o o rIa nCt t h ehTe od s w f iaun pc fIoCtp rot Tmhr at wa tct iiltoolh n bnet e rmoa sr ac ugtnpsa a. pn gA ois el rsa mto eti e, do nw .n t iwtshya stsht eein m","R 2 695 140,00","R 17 967 600,00",R -,2023/09/20,2020/10/01,2023/12/31
Number,Period / Quarter (Use dropdown List),Date Received By GMC (yyyy/mm/dd),En(Utistey d/rDopedpoawrnt mLiset)nt,Project Description,Supplier / Service Provider,Reason for Expansion,Value of Con[tRra] ct Expansion,Original Co[Rn]t ract Value,Value of Prev[Rio]u s Expansion,Awa(rydy byyy /AmOm/ /AdAd )date,Contract start date (yyyy/mm/dd),Contract expiry date (yyyy/mm/dd)
117,Q3 2023/24,2023/09/26,Services Sector Education and Training Authority (SSETA)SETA,Proc T595c-o Ampmpouinnitcmateionnt otef cah sneorlovgicye( IpCrTo)v iadpepr lticoa ptiroonvsid seu ipnpfoorrmtation and,Struggles Descartes (Pty) Ltd,"imTtphhe lee mrpereaons scto tearns ati sotf e o no gr fo y trf,h e te shne eer rrewveq i ciun weeg ess r st Se ow Em ca Thes aA o n d igfnu ette eh s egt o o rIa nCt t h ehTe od s w f iaun pc fIoCtp rot Tmhr at wa tct iiltoolh n bnet e rmoa sr ac ugtnpsa a. pn gA ois el rsa mto eti e, do nw .n t iwtshya stsht eein m","R 3 060 000,00","R 23 400 000,00","R 450 000,00",2023/09/20,2020/10/01,2023/12/31
118,Q3 2023/24,2023/09/26,Services Sector Education and Training Authority (SSETA)SETA,"aArmppeodi nretmspeonnt soef aa ns fdee ncmcuaerii tnaytt e s sne ear rvnvicc icee e aspn r sodev rtideaep Hra eitro as d po r Ofo tfvhfi ied c e ea lpahryms iacnadl seelecucrtritiyc,a l",Good Work Security (Pty) Ltd,ToS efirnvaiclisees aSnEdT aAp Hpeoain odt u taOg osffu iincc gee s sas enf cdu u lt rob it i ydg disve eer r vtthio ce ep ar pogrvroei vdeie dd e pmrh .oysnitchalyl sneoctiucreit yto a tth teh e,"R 1 312 200,00","R 8 748 000,00",R -,2023/09/20,2020/10/01,2023/12/31
119,Q3 2023/24,2023/11/21,Small Enterprise Development Agency (SEDA),Short term insurance,Lateral Unison Insurance Brokers,"hDoulde uton tpil e2n0d2in4g, tmhee rbgoearr db ertewseoelvne dS ethdaat aSnedd aS eofnal ya endnt eCrDs BinAto w 2h iyceha wr acso npturat cotns","R 2 366 300,00","R 5 577 217,00","R 2 366 300,00",2023/09/22,2023/10/01,2025/09/30
120,Q3 2023/24,2023/11/21,Small Enterprise Development Agency (SEDA),Office Lease: Uthukela Branch,Samora Trust,"hDoulde uton tpil e2n0d2in4g, tmhee rbgoearr db ertewseoelvne dS ethdaat aSnedd aS eofnal ya endnt eCrDs BinAto w 2h iyceha wr acso npturat cotns","R 14 208 484,20","R 3 702 976,31",R -,2023/09/22,2023/11/01,2025/10/31
121,Q3 2023/24,2023/10/04,South African Broadcasting Corporation SOC Limited (SABC),"Maintenance, Repairs & Replacement of HVAC",Blue Aqua,"thEex plisatn osifo rne q- uTirheem ree cnq otu nse t ras ats c is tw- beto yll - haca osv noe trn at htche te eu cn xopitns at nrt shaiacottn ,w .toe rbee n aodt daeddd eodn othne","R 107 400,00","R 332 881,25",R -,2023/09/28,2023/05/01,2026/04/30
122,Q3 2023/24,2023/10/04,South African Broadcasting Corporation SOC Limited (SABC),Data Cleasing,LK Centrix,Expansion - For thes perrovivciseiso nto o Tf Vda Ltaic ecnlecaenssing and acquisition,"R 2 670 000,00","R 4 058 706,00",R -,2023/09/28,2023/11/01,2024/10/31
123,Q3 2023/24,2023/10/04,South African Broadcasting Corporation SOC Limited (SABC),Sponsorship Tracking,AGB Nielsen,"pErox atcsee n tshsseio on bf u -ms T iono en isetosn rs iinnu tgr ee,n ac dno edn d t ri gneu opi iptony rgr o to i vtnf oig ds emeo rrna.v,ri kcSeeAts B ta oCn s dso pa uol rl cno eswo o rt uhsteh ia pS sCeelMervm iR ceeFnPts","R 342 901,25","R 1 999 620,00",R -,2023/09/28,2023/10/01,2024/02/29
124,Q3 2023/24,2023/10/04,South African Broadcasting Corporation SOC Limited (SABC),Licenses,BAMS,Expansion - Additional licenusseasg we einrecr reeaqsueirde.d as requests for Signiflow,"R 340 546,05","R 2 617 970,00",R -,2023/09/14,2022/03/22,2025/02/28
125,Q3 2023/24,2023/10/04,South African Broadcasting Corporation SOC Limited (SABC),Data Analyst,PAX,Expansion - To help TV Licences create new data analytics reports,"R 164 220,00","R 1 511 207,81",R -,2023/09/27,2023/09/01,2025/05/31
126,Q3 2023/24,2023/09/29,South African Broadcasting Corporation SOC Limited (SABC),Additional 100 Signflow Licences,Badimo Asset Management Solution,Increased demand in license holders,"R 340 546,05","R 2 617 970,98",R -,2022/03/28,2022/03/22,2025/02/28
127,Q3 2023/24,2023/09/29,South African Broadcasting Corporation SOC Limited (SABC),Lease agreement renewal at the SABC East London offices,Land Byte Properties (Pty) Ltd,ETahset lLeoansdeo ang oreffeicmees nat nrde needwit asl taudt itoh efa ScAiliBtieCs,"R 24 640,51","R 18 290,27","R 927 379,04",2023/08/28,2024/04/01,2027/03/31
128,Q3 2023/24,2023/11/29,South African Civil Aviation Authority (SACAA),Job profiling,The assessment Toolbox,Continuity of service,"R 419 896,00","R 500 000,00","R 80 000,00",2023/11/29,2023/12/01,2024/06/30
129,Q3 2023/24,2023/10/13,South African Revenue Service (SARS),Mossel Bay Lease Renewal,Transnet SOC Ltd,Meofsfes cce otl si vB te oa 0fy 1 Rl eD a 1es 2ce 0e b 6me 6btw 4e6re .2e 70n 1 2 S i3nA cuR l.n StVil Aa3n T0d aN T to r ava nen ms an nbe net ur a f2o l 0r e 2a s8 cp aae latr i tao iond n eo rsf a tf tiimeve ao t( fe 5 8d) % ytoetaarl s,"R 1 206 646,71","R 954 068,20",R -,2023/10/10,2023/01/12,2028/11/30
130,Q3 2023/24,2023/10/27,South African Revenue Service (SARS),maintenance for Block G and H at LeHae La SARS,SCM Facilities Services,"Variation on existing contract PO3600028696 maintenance been done at
Block G and H at LeHae La SARS.","R 112 500,00","R 750 000,00",R -,2023/10/17,2023/01/26,2023/10/31
131,Q3 2023/24,2023/11/06,South African Revenue Service (SARS),RFP 01/2017 - Hygiene Extension,1. I 3m . v Ou rl2a iz. oQSeuu Spael eitrrycv aiP crereo st e Cc Ction,"saT thnh rietea eery x ( 3tae )nn mds i eoho snen tta iho mlstfh a R ec teafF fdrePe cc0 te o1 ivq s/ e2u t 0i o1p1 f m N7 Re o- 2nv Ste6 muo 4pn 1bp em 0ly r8o , 2I 6nn 0t .sh 22t 03ato , l l t a Vomt A i 3oo T1nn t ia Jh na n cbd lnuau sMsaii vrsa ey in . n 2ote 0ten 2xa 4cn aec tee da oinnf g","R 65 493 363,31","R 2 641 086,20","R 46 602 110,88",2023/10/31,2023/01/11,2024/01/31
132,Q3 2023/24,2023/11/16,South African Revenue Service (SARS),"JVwaaintrhuia aPt riao yn n 2d o 0af 2c 4coo mtn o t Dr 3ai1sc tt Dr ifbeoucr teMiomna b iPn eVtTre AY2n T0a L2 n Itc 6nde c,a lufa to sn ar id v ate oS .ptu aep lr p aioo mdr t oo uofn f3 tC 6oe fml l Reob n1rti ,ht 9es9 ,L 7 fi ,rc 5oe 5mn 0s .0e 01s 0",Pandacom Distribution PTY Ltd,Value & Time,"R 596 850,00","R 1 997 550,00",R -,2023/11/15,2024/01/01,2026/12/31
133,Q3 2023/24,2023/11/16,South African Revenue Service (SARS),"R G7e7rq o4 Ru u Me eps t u r(tl iP t etio t- vyf iu n)v n ga Lc r tdytdi ao t ftnh oaae r.l c WaDo epanveit trir ca aioec ds ft e f(owoPfr r snisn einut ceep or p (nso 9d)r,)sat m wa aon nad ndrdt hm te rsyda f i tn rt ooote mcEn u av0to n 1olcu re At i c ops onre pi lr T yv 2 ei 0acc2e gh4s an io no tol .fo t 3gh 1ye",Evolution Technology Group (Pty) Ltd,Value & Time,"R 5 404 950 579,00","R 35 265 076,00",R -,2023/11/15,2024/04/01,2024/12/31
134,Q3 2023/24,2023/11/17,South African Revenue Service (SARS),Gifts for BRICS,Blue Moon,Additional gifts procured for BRICS conference against PO 3100033942,"R 430 450,00","R 44 361,90",R -,2023/07/11,2023/11/11,2023/11/17
135,Q3 2023/24,2023/11/22,South African Revenue Service (SARS),"V fa sumr enia cdaot siino n t tdne o sn c c ao aan An ntc et d nre r aa t r lfca yoytn s rdf t i so oa sr ac ruG enup dqtep uooo Cergr ostr c ltas lo efpepochry trvi i c oi paca nrgel o as wI fn i en owf s.o r i sktr Ah im of r r eR na iG qatei ulo It Sr isn ri ee e( S Prv dvio t n iy bclgu ) ye t Ld si No t an dtOt o ,a( S G.fc o EoWI r .nS aa d) d,i ut dcina titc iDfoleu nadwati an l g",AfriGIS (Pty) Ltd,Value,"R 14 229 431,91","R 2 400 000,00","R 3 378 015,89",2023/11/20,2024/01/01,2024/12/31
136,Q3 2023/24,2023/11/22,South African Revenue Service (SARS),"pm e2rta ih0oien 2d Vt 7 ce fa run aor rai tr ma neatc ni n0oet 1 n, ea sso Jptu af pi mp nrthpo uaeov ate er rpt ydd,r o 2aptc o0neu td 2rar i 4coe lr o edSm tsol Aafe t r t 3Pn o oe 1t m fd s v RDy es0s 4eeh 1t 1cir ec v 6eJmliec ,a m2s enf bm osuwe ar .f riortt yhh 2r ie 0n2t h 20l tie 7c h2 e e 4S an cA tts ouaPe rnd 3 rs e 1 eys n sso Dtt tf iaeet mw pmc apeas trmr e oew dbv i eet th odr i t n a l",SAP South Africa Pty Ltd,Value & Time,"R 392 701 073,24","R 416 200 000,00",R -,2023/11/20,2024/01/01,2027/12/31
137,Q3 2023/24,2023/11/27,South African Revenue Service (SARS),"iSfnroo cV lmfa utw sr y 0ia o 2tr nh e Oe o w fcf i ti 1ntoh 0a b %nOec r bi ca 2s ol 0i d nc 2tiha i3 tna hn gn t e oeSg oney0crs 1 if ygto e iOr fnm e act ehs lt oe at(b opPb e ptu cyr rs o o)2i v n vL0ee et2rds d 6fs, o . v f rs aoT u lerh ub xe eas c . c fhpir naei ap nrint goi co edin a r olao fctf e thPh afro nle ur ge at ea ty i i on iesnea r ar t osn",Obsidian Systems (Pty) Ltd,Value,"R 647 285,55","R 64 728,56",R -,2023/11/21,2023/10/02,2026/10/01
138,Q3 2023/24,2023/11/27,South African Revenue Service (SARS),"S20uVp2ap4ro ia urntti towiln i3 toh1 f S Mthoaeftr wcA had ra 2eb 0 aA2s 9G & a, tfN oara n ta u a rpmael o rE uioL ndtA oo S ff o Rfifv1tew 6 a 1(5r ,0e) 0 yM 0e.aa0irn 0st e Vfrn Aoa Tmn c in0e c1 a l uAn sdpiv reil
and r2 ea0 cv% oami l(amRbe3ilni2tyd 0 ea0 dt0 f to0hr0e a0tip.m0 p0er) os vcuaocln hit s ian R gne 1en 9ec 3dy 2 af 0ori0rs eg 0sr 0o.0 wT. ht 0he0, ts Voutabatjl e Iancmct lt uoo su inb vteu d .get",Software AG South Africa (Pty) Ltd VAR,Value & Time,"R 90 070 744,50","R 193 200 000,00","R 149 500 000,00",2023/11/24,2023/10/02,2026/10/01
139,Q3 2023/24,2023/11/27,South African Revenue Service (SARS),"R m(Le oSq nPu the) -swtt o it thmo Fova nirr tshyt btTh aee sc ichson aon stlor a fgrc oyt m (fPo 2rty 7M) DLic etrdco,es fmoofrbt eaL r ipc 2ee0nr2iso3ed tSooof 3l6u 0 tm io Jon u nnP ethr o,2 v 0oi 2nd 4ea.r",First Technology (Pty) Ltd,Time,R -,R -,R -,2023/11/27,2023/12/27,2026/06/30
140,Q3 2023/24,2023/11/27,South African Revenue Service (SARS),"The original contract was for the procurement of Promodag Maintenance
aRnde pSourptsp ctoahr art nTb gea ecs dhe nd do uoleon g ttioeh se c lCoo unCd-.p mTrehigmer i aslicte ieo ennms oina f gi tl h smeo ol eudmteio al n ihl aa ssr ec rsh vui it cbe esc setuqruee fnrtolym",Reportstar Technologies CC,Value,"R 403 594,80","R 256 507,50",R -,2023/11/27,2023/12/27,2026/06/30
141,Q3 2023/24,2023/11/28,South African Revenue Service (SARS),Benoni Lease Extension,Growthpoint Management Services (Pty) Ltd,"T WwMae rlaevne ha( o1gu2es)me m eTno rtun stSh te s fr ovB ric e sen pRso a 4n(ci 9P el 1et y aa 2)ts 0 LLe 8ta d .e 0k xoe0tnse ( in Vdbs ee Aio h TMna Ilafb n le col,l tf uBw G see ivrneo eonw )n .S it,h A apR nodSin taa Stn aed c tGuortriaotilws cat ohtispoton o in ft","R 564 144,00","R 491 208,00","R 463 404,00",2023/11/16,2024/01/01,2024/12/31
142,Q3 2023/24,2023/12/01,South African Revenue Service (SARS),"Cleaning,Consumables, Chemicals and Equipment",Medilac Group (Ptys)e Lrvtdic easnd Masana hygiene,"Extension of time undecro tmhem ceonnctirnagc, t1, 5R FNPo v0e1m/2b0e2r 12 0fo2r3 a. period one (1) month",R -,"R 19 560 425,92",R -,2023/11/14,2023/11/15,2023/12/14
143,Q3 2023/24,2023/12/01,South African Revenue Service (SARS),Vereeniging Lease Extension,Revenue House (Pty) Ltd,"Vrmeersoepneetn hci sgt ioenffg ft ehle cea t ivsleeea 0sei1xnt ge D noesucio 7te n 0mo 5fb b oe e0ft r6fw i 3c2e .e05e 22sn 3p V SatoAAc e TR 3 0Sf ino Ncra lon uavd s fei l vRemexe .bibv eelern 2up0ee2 rHi4oo dau tso e af t( cwP oet syltv) e oL f(t d1R,25 )i n","R 5 705 063,52","R 6 047 936,07","R 58 597 155,89",2023/11/26,2023/12/01,2024/11/30
"144
145","Q3 2023/24
Q3 2023/24","2023/12/06
2023/12/08","South African Revenue Service (SARS)
South African Revenue Service (SARS)","Container Lease
Block EF variation","ContainerLeasing Africa
PMash Project Management CC",Variation ofE Bxtloecnks ioEnF ocno ntismtreu catniod In nv cwa ll uou serik vfseo )ar tl eaa scionsgt ooff cRo6n t0a4in7e 3rs47.90 (VAT,"R 4 981,80
R 5 619 353,91","R 35 094,55
R 6 047 374,90","R -
R -","2023/11/29
2023/12/12","2023/01/12
Not indicated","2024/01/31
Not indicated"
146,Q3 2023/24,2023/12/08,South African Revenue Service (SARS),RFP 14/2019 - Pest Control Extension,23. .M Haysg1aie.n naS e uH apynegdrice Iannrede u SH sety rrg ivaiie lc Sneese rKviucseisle,DTSehecerev e micxebtesen rb s 2eio 0 en 2 x3ot ef t onRd F 3e0Pd 1 Nf4oo4/rv2 7 et0 2hm1 .e 09 b 0p e– eri n rI 2in co0t ld ue 2d g 4o ir n fa a gtt tw e Vade An lvP Teee .s s(t1t im 2C a)o tmn et dor onctl ohM sst a eonfa ff eg Rce t2miv e1e 8n1t 9,"R 6 567 596,80","R 2 189 472,00","R 2 420 273,73",2023/11/12,2023/12/09,2023/12/08
147,Q3 2023/24,2023/12/08,South African Revenue Service (SARS),Kroonstad Lease Renewal,54 Hillstreet Investments (Pty) Ltd,"KLrtodo, nins traeds pleeacste o ef xthteen lseiaosni nbge towuet eonf oSfAfiRceS sapnadc e5 4in H Kilrlsotorenestta Idn vfeosr tam epnetrsio (dP otyf )
twelve (12) months with an option for early exit.","R 23 740 304,19","R 2 515 498,77","R 2 272 100,88",2023/07/12,2023/01/12,2024/11/30
148,Q3 2023/24,2023/12/11,South African Revenue Service (SARS),Nigel Lease Extension,Lathitha Properties (Pty) Ltd,"raenNs opig pee tcil ot l neo aff osthe r e ee alxertale ysn iesnxigo iat n ,o cfeb ofoe fsft efw tci c oe teifve eRsn pS 11aA , 3DcR 0eeS 7 cf ,oea 4rmn 8 ad 7b .epL 1rea 8 r2t ih Io0nitd2ch 3la .o V ftP oAtrw T3oe0pl evNert o i(e v1es2 m()P bmt eyor) n 2Lt0htds2, 4 wi ,n iat ht","R 5 680 076,61","R 1 307 487,18","R 1 233 497,40",2023/11/15,2023/12/01,2024/11/30
149,Q3 2023/24,2023/12/11,South African Revenue Service (SARS),Tramshed Parking Lease,Karabo Parking Management (Pty) Ltd,Lease a(gPrteye) mLtedn fto er nttheer eTdr abmetswheede nP SaArkRinSg afonrd aK paeraribood Poaf r1k2in mg oMnathnsa.gement,"R 410 120,00","R 16 577 979,27","R 8 514 124,70",2023/11/30,2023/12/01,2028/11/30
150,Q3 2023/24,2023/12/13,South African Revenue Service (SARS),Printing for Tax Ombudsman,Shereno Printers,Request to vary Parno egxraismtinmge osr dfoerr fOorT Opr iantninngiv eforsr aFrayir play leaflets &,"R 7 285,00","R 4 945,00",R -,2023/11/12,2023/11/21,2023/12/16
151,Q3 2023/24,2023/09/20,South African Revenue Service (SARS),Bloemfontein Shredders,AZ Trading CC,"The replacement of blades and airb failgtesr,s as well as the provision of plastic","R 517 500,00","R 429 148,41",R -,2023/09/15,2023/03/31,2023/03/30
152,Q3 2023/24,2023/09/21,South African Revenue Service (SARS),Extension of scopper oofv iwsioornk o ffo sr pVeectiearl indaorgy fsoeordv.ices to include the,Various Suppliseersrv/ icCeS pDr orevigdiesrtesred veterinary,Expansion of scope and funds,"R 1 440 000,00","R 1 824 083,50",R -,2023/09/18,2022/02/03,2027/03/31
153,Q3 2023/24,2023/09/22,South African Revenue Service (SARS),"V ma or niPa itttoiyo r n iLn tgod f s (t eOh reCv ic cDu e)r s rf eoinnrc tc lucodon oinsnfto gr tla wi5dc e0at l t vw ae eddi t d( hE 1i tO 2xiot )ren a mrannlo gaIne Pl t a h C tn saydrb gienertted grenrf oae wln vs tuhel, n S feoorrau atbh il piAteyf r r ii oc da",Orange Cyberdefense South Africa Pty (Ltd),Value and Time,"R 1 564 023,00","R 3 099 261,96",R -,2023/09/21,2024/01/24,2024/12/31
154,Q3 2023/24,2023/10/12,South African Social Security Agency (SASSA),oE cx cpBuaepnlies egi dog n bi nyog f Js G o thoa n si ne Tcg alouodn loye a Gandaade Littsoioecnwaal e l O sDqff iui scate rri ecL t e maaets tRee 8rAs0g .w3re 1hei cpmhe e ra nrsteq w ucaiuth rrer Ae mnrgtelmyt ea rr .,Armaer Beleggings CC,"O sPtp ahUe rme orn a ceff uo et i Btnl sud ug srin i e lfM dg , o i nreoB gxd GP pe (aR aAl. sn dPT esjgahr iooe ocnc er n ee yno s atft ) so n.c ado- Ta inD h sv Lto i tori s rs ai ci d ct wc ar tipt lc i l ir l nw Ot o a lO ia fc nlflsu eiof cf r wi r ei wcne eg aiqD ts hnuPb den Bu W soi tPltt hd Ie R eii tdnn o cg. f ul f ut tiBnh ud oaa re etltd ih s w r ei eOni l q tlf f hufnu ieicot ru e et Pr s mbe r oe a eS c r nueA utt r Si oielnisS fm et tA h hed e en i tn","R 343 726,80","R 701 748,00",R -,2023/01/09,2023/01/10,2024/03/31
155,Q3 2023/24,2023/10/12,South African Social Security Agency (SASSA),"To extend the current contract with Diversity Turbine Hall Building (Pty)
Ltd for the leasing of 70 parking bays at sterland complex",Diversity,StAheS SNAa tmiona can ola uDg reet mpinae trentrmt d teio cno tstk o bafy p d tue hbecli is lcai o nWn d olt oorrk dps r oao fnc odu fr Ie tnh fH erae csa utdrru rO ecntfuf ti rc bee u tiboldu ianilvd goinidg ftuhrrtohuegrh,"R 76 475,00","R 917 700,00","R 483 299,00",2023/09/29,2023/10/01,2023/10/31
156,Q3 2023/24,2023/10/12,South African Social Security Agency (SASSA),TCheo netxetnetnLsifieocny fcolre tMhea nSaugpepmoret nat nSdu Mitea i(nLtievnealinnkc)e aSnedr vAicsesso cfioa ttehde sOypsetenmtesxt,Faranani,tThhee O pproecnetesxst tsoo lautctoiqo u bni e rpe co a os nts ctehlurev d i ecc doe n bptryrao tcv htid e ee 3xrp0 fi orsar e tt pioh tene missu b ip enp rp o 2rro0t g2ar3ne.ds sm aanindt eisn aunnclieke olyf,"R 5 237 420,98","R 109 222 007,00","R 10 474 841,95",2023/09/27,2023/10/01,2023/11/30
Number,Period / Quarter (Use dropdown List),Date Received By GMC (yyyy/mm/dd),En(Utistey d/rDopedpoawrnt mLiset)nt,Project Description,Supplier / Service Provider,Reason for Expansion,Value of Con[tRra] ct Expansion,Original Co[Rn]t ract Value,Value of Prev[Rio]u s Expansion,Awa(rydy byyy /AmOm/ /AdAd )date,Contract start date (yyyy/mm/dd),Contract expiry date (yyyy/mm/dd)
157,Q3 2023/24,2023/10/24,South African Social Security Agency (SASSA),Extension of Lease AgreemeLnto cfoarl OOffffiiccee Accommodation for Idutywa,Ndlovu Property Trust,"a ins ll ect urpe ae lbr ur scesA d sn eefeu ia e o p i qrt avr niir unev r g o eeeg od rc d en f uoF o t etbr lf hen y mef i e ib dcm t r e hr dee pu ne eej aa e tan r rcr c atc ky a l tc o sp ie f no2 str d ageom0in l rc lt2 iog m hne h3 w e s tdo t. e h es ad oO e dyea fw ifn rvt e io ail naoy brfs l n ipuoo dt hi a annan e ot r i en it t a o fi h d b fa gb n ee it rdpi re d aa .g.ad , pnr Tr A t do hkt h h o ui lan e5ae nga t .dt d R1t p o je sf u Bpof ir d n o or At i o h cfi tt Cn f heh ah t e a e t aae ia wo v sgxt nh is iai rn gs e ee r gpt nd eir rnI ev e dd ogw di rcu c r tae Lt e loo ey s a s nwp ae sn eir ss xa .d oo ets Tl euv oL ui ahsnrdo ed el gdyec d r ar w b beo tlf io oe ma doO tms dr t hithf e etf e tei r nhc d tee
whilstc ao nnteinwu ep rfounccutrieomniengnt apnrdo cseesrsvi nisg inthiteia bteedn etofi ceianrsieurse i nth teh eL oacreaal .O ffice","R 763 733,12","R 1 899 291,24","R 694 320,84",2023/07/12,2023/07/01,2024/06/30
158,Q3 2023/24,2023/10/24,South African Social Security Agency (SASSA),Extension of Lease for Office Parking for Idutywa Local Office,Mesranet (Pty) Ltd,"a ins ll ect urpe ae lb wr ur scesA d sn heefeu ia e io p i lqrt av sr niir unev r tg o c eeeg od arc od en f uoF no nt etbr l tf hen ey me if i ne ib d wcm t r ue hr dee p eu ne e pej aa e tan rr f rcr c ou atc ky a l t ncc o sp ie f n cuo2 str d age trom0i in el orc lt2 iog mm hn ne h3 w e is td eo nt. e h es a gnd oO e dty ea fw aifn rv pt e io n ail naoy rbrf ds o l n ipuoo dt c shi a annan eee ot r i en sit t a r o fi h d sb vfa gb n ee i it nrdpi ire d saa g.g.ad , pn r i Tr A n tt do hkt hh h i o u ti elan e5a ie n a ga t .dt bd tR1t p o eje esf u Bpof dir nd n o or A t ei o t h cfi tot C fn f heh a ih ct e a e et aa ie ia awo nv sgxt rsnh is iai rn igs eu e ee r gpt nrsd eir ernI e v e dd o ig w di nr tcu c hr tae Lt e l too eey hs a s nw p a ee s Ln eir s s xa .d ooo a ets Tl ceuv roL u eai ahsnrdo e ad lel gd yec d .O r ar w b beo t flf io oe m fa doO i tmcs dr t hith ef e etf e t ei r nhc d tee","R 252 444,12","R 687 467,95","R 240 422,97",2023/07/12,2023/05/01,2024/04/30
159,Q3 2023/24,2023/11/10,South African Social Security Agency (SASSA),"ProvisionF rOefe C Sletaatnei nRge, gSioann itOatfifoicne A, Dndis Ctriacrt WAnads hL oScearlv Oicfefsic eFsor Sassa",KAMATSHIKA SERVICES,Contract is expiring on the 30 of November 2023,"R 2 443 989,90","R 28 800 000,00",R -,2023/10/31,2023/12/01,2024/02/28
160,Q3 2023/24,2023/12/04,South African Social Security Agency (SASSA),"Installation of hybrid inOvleifratnetrs shooleakr sloycsatel omfsfi caets Douglas, Calvinia and",AYIZE ELECTRICAL AND TRADING (PTY) LTD,"p aO r D o tlrio d feau u enag c ,t l t san tio hhso in o sra ,t e h tn t kr hd ef ea La eC c on oi ncanue ealgtv le eb l i gnr Ov duoi raia eol fodtf dweifL i c ndo tf teg oo h c s r -a h ab t i ral T nen uO s ds h c c t e f tba suf u ei htl nc rl aee aodetn drosi ito s i wh ni nd - gr nf e eao T n oq ccfh t fouiip e nfi tmira g heemn ep ddre la oe sfli aoso tn oes fr lw a b l oytt ru hh h f ai ei e plc td n h ahiri dn en n oi sg es o tbt r l af so uec l .iif arlslaf di tti c t ei ifc nile o daa g n tld t. io f soo o fe ac r s p vo s a ovno n ieol d ae r t er l f sh ud a t a ubv n r e y ed","R 27 025,00","R 633 828,73",R -,2023/11/28,2023/12/01,2024/03/31
161,Q3 2023/24,2023/12/04,South African Social Security Agency (SASSA),The Extefonrs iao np eorfi oad l eoaf sseix a (g6r)e memonetnhts w foitrh DLaCn iFealsbkeuri l HL/oAc a Ll NONff i cBee.sighede,LC Faber H/A LNN Besighede,"scuobnstreaqcNuto en neB steil odyd us sS r w cAtioneS gr bSe eA o r f.ee f iTxc cteh eeei nv are de cd ec i dosf o mtcr ou o ar dard alelv otne iwotrl nyt i f s ofne oro d r a a Dlt tleteaen rnrd nin eaea ltr sti vi kbveuye i lp ba Lrocootccchoua mN rle D OomdP fefaW inctiteoI sna t,n r atdht uesg yth ien","R 107 997,84","R 107 997,84",R -,2023/11/28,2023/12/01,2024/05/31
162,Q3 2023/24,2023/12/04,South African Social Security Agency (SASSA),SupporMt aannda gMeaminetnetn aSnucitee S1e6r (vLiciveesl infok )r athned Oaspseonctieaxtte dC osnytsetnetm Lsif ecycle,Faranani,Duplicatem einstarlyig innm oennet oinf tthhee rperticuirnnga breles pdooncsuemse tnetms palnadte t.here was,"R 10 474 841,95","R 109 222 007,00","R 5 237 420,98",2023/11/30,2023/12/01,2024/05/31
163,Q3 2023/24,2023/12/04,South African Social Security Agency (SASSA),Co-sourcing of the Benefitiary Records Management,Document Warehoue,There is a pending court interdict,"R 78 951 441,38","R 480 182 800,00","R 76 829 248,12",2023/11/30,2023/12/01,2024/06/30
164,Q3 2023/24,2023/12/06,South African Social Security Agency (SASSA),Request for Temporary Sfoerc au rpiyetryi oGdu oafr d1s m foorn tMhdatnsane 2 Local Office,Tyeks Security,"LS b boAo y aocfS rf raS si dScl e ee hOA cra. ufF tvSfroi ea ciA t eyc sbS i a.l eM Si ft T eeiAe ah ngs n e ua p a M asn rgroseea de cwmn t uta s hrelo g ees nce td u t oaa m ,c a st sthie sseo a n emana ft et s spor b g ef ofl uuu il rnto anr ahdn tc re ri di la yt s u aM t p Sner e oaiAdd g tla Saa h t anh trn S nmted ss Ad h a L f hiai in fot satt se ci sn gh s a 2g i eubgl s ateLhO s re ow .dtf ncof sei ac ir bnne le r esO et tm eo aaf df o lki l c env i tne odee g dw w ba a el ntay no ds ed r te mb ihdtn uhe peo re ln gn ov ft ltea yai.fw t ei rIe e n d d d","R 36 085,76","R 134 994 976,63",R -,2023/11/08,2021/11/01,2024/10/30
165,Q3 2023/24,2023/12/07,South African Social Security Agency (SASSA),RenewFaivle o yf eLaerass we iAthg ereffeemcte fnrto fmo r0 Z1a Mstaroyn 2 L0o2c4a tl oO 3ff0ic Aep froilr 2a0 p2e9r.iod of,Mohokare Local Municipality,Contract to exceed 15% of the original contract value,"R 412 747,64","R 288 035,28",R -,2023/12/02,2024/05/01,2029/04/30
166,Q3 2023/24,2023/10/17,South African Weather Service,Variation to the TENEthTe cToenrtarcaoc tI sfoarn tdhoe Daadtdaitcioennatrle services required for,TENET,sdyesliC tveeloomrnc tsta oin .t iu Dio ti stnuy ep toh ataf or t tS ntwhe eeri rlv sl ci bc aree int c - idch oI a o nn tls hns st eetia en cplgr tl v iu vi ina bc ittl le yle i c sSr i;n s otie thu a t ait lsh wc t o cS aAn ryof unr suciec tiac aha vt ln i A av f oiW ift lr ary i ce b Ia aCa let nt T ht h We te ore Sn maeetahwr kev eirDc eSsa uetSa rreec v iercIvn neet t rr eme r nuestt,"R 501 404,60","R 1 498 934,15",R -,2023/09/21,Once-Off,Once-Off
167,Q3 2023/24,2023/11/16,South African Weather Service,Exftoern tshpioern o p vorisof ivt ohisnei o oenfx toi wsft oisn eg ac dsuderiic ttiyu o r nsit aey lr vscieoccneut rara ittc ytt h pwee iWrth s oaK nteh nerekn l lsoaaot nfS iL Asae WncdSu r ai stny itd es aelrsvoic e,Khensani Security Services,Cothsneeti cneuuvraiictt ytioi ognna o upf rr dsosec reavstic ste ha efno dSr AeW Wrea Sctet ihrok enl ao odof f o tVhffea ic cseae n tcotu Lrloiatoyn k df e awnftch eiinl rs gtt h aS enA dSW AtwS W os S ta il adl sdfi sniteaioslins tsainl g,"R 589 859,58","R 4 580 103,52","R 1 526 701,14",2023/10/04,2023/10/05,2024/04/30
"168
169","Q3 2023/24
Q3 2023/24","2023/11/16
2023/09/29","South African Weather Service
Special Investigating Unit (SIU)","Extesnesriovnic eo ff othre a e pxeisrtioindg osfe ocnueri tmy ocnotnht rfaocrt sth we inthe wK hheenasda noif fsiceecurity
Close Protection Services","Khensani Security Services
Prime African Security (Pty) Ltd","CBounitldininuga)ti ownh filosrt ath ep eteriondd pe ro orf v poordnoeecr e( si1 ss) bmfeoo irn ntght hef i nfao apr l ipsthoeeidn .ntmewen Ht eoaf da onfefwice s e(ArvBicSeA
Extension of security services for the SIU employee","R 161 922,85
R 222 939,00","R 4 580 103,52
R 411 390,42","R 2 116 560,72
R 205 695,21","2023/10/27
2023/08/31","2023/11/01
2023/09/01","2023/11/30
2023/11/30"
170,Q3 2023/24,2023/10/11,State Information Technology Agency (SITA),DSHcAo0p2e2 e0x-2p0a n(sDioHnA o0f0 C65V-T1S-8R O) EfCrGo Lm 0 IM 0 20 IT 0ME1E0 D3G / f Botor C 1t Xh0e MupEgGra fdroem o fT aEcLcKeOssM li nSkA,Telkom SA SOC Limited,The departmernetq huairse dc ommumchit tbeedt tien ra b parnodjewcidt tohf pdeerpfoloryminagn coeff.ice 365 which,"R 161 865,93","R 266 631,60",R -,2023/04/19,Not indicated,Not indicated
171,Q3 2023/24,2023/10/11,State Information Technology Agency (SITA),"Access link seNrvPicSeAs ffoorr 6N0a mtioonnatlh Ds eMpOarNtmTHenSt,: 5D HYEETA,R DSWA, DHA and",Vodacom (Pty) Ltd,U Jpsogither aasnd tnewe tosh be( gu2 op r)g vrli eom torc naa imr mtye e pda nr c toa c vst e eyGs soso ten ldl min tehk sne b a Asa ncpn dred e rews ed niid n dot eh fC rtaf hr speo ee m rb vT ai1 con0 edwM swn b t idoap t ns hcd itt t io oM z e5 aa n0 cr ssM c.hebasplslts oc wf ro itnr ic it anh le,"R 262 323,86","R 1 323 549,72",R -,2023/06/24,2020/03/23,2025/03/22
172,Q3 2023/24,2023/10/11,State Information Technology Agency (SITA),Upgrade of access link KDZONT0 2s1it9e- 1R7T If rmomid w2a My EG TO 10 MEG for the,Brilliant Telecommunications (Pty) Ltd,To enable the depsayrstmteemnst taon dco rnetnindueer tsoe rhvaicvees a tcoc ecsitsiz eton sc.ritical government,"R 455 000,00","R 212 750,00",R -,2023/07/25,2022/04/05,2027/04/04
173,Q3 2023/24,2023/10/11,State Information Technology Agency (SITA),Preperations and readiness in all aeas in SITA finance Department,OMC Chartered Accountant,"Increase in the audit activity and the need to further improve quality control
measures.","R 1 260 400,00","R 3 859 400,00",R -,2023/08/07,2023/08/22,2024/08/21
174,Q3 2023/24,2023/10/11,State Information Technology Agency (SITA),Maintenance and support agreement for trelational software product,Bateleur Software (Pty) Ltd,Business continuity,"R 2 396 855,82","R 9 976 817,00",R -,2023/08/03,2023/08/07,2024/08/06
"175
176","Q3 2023/24
Q3 2023/24","2023/10/11
2023/10/11","State Information Technology Agency (SITA)
State Information Technology Agency (SITA)","Provision of 3 x 1 GBPS links for the Government Printing Works
Supply and installation of Juniper Network SFPS for SAPS","Mubvumela Corporation (Pty) Ltd
Blue Networks and Infrastructure (Pty) Ltd","Business continuity
SFPs are required for installation of the additional sites.","R 926 439,90
R 2 148 199,59","R 1 840 000,00
R 13 489 350,73","R -
R -","2023/08/29
2023/08/31","2023/09/24
2022/04/08","2024/03/23
2025/05/07"
177,Q3 2023/24,2023/10/11,State Information Technology Agency (SITA),Upgrade of accessM liEnGk DfoHrA W00a2te6r-k2l1o o(fD AHiArp0o0r3t 8D-H23A) from 2 MEG to 4,Brilliant Telecommunications (Pty) Ltd,"The link upgrtahed et rwafiflli ce, nasnudre m thuacht tbheet tdeerp baarntmdwenidt thha pse srfuoffrimciaennct eb.andwidth for","R 249 100,00","R 212 750,00",R -,2023/09/11,2023/01/30,2028/01/29
178,Q3 2023/24,2023/10/11,State Information Technology Agency (SITA),Scope extenssoioftnw oafr ea nli ceexnissteinsg fcoor nEtCra cptr otov inincciarel aGsoev neurnmmbeenr to f emulation,Ikhaya Technology Solutions Pty Ltd,The initial licences licaedndcietiso nthaal tli cweenrcee sp raorceu rreedq uhiraevde. been exhausted and,"R 522 387,50","R 2 394 000,00",R -,2023/09/21,2021/04/01,2026/03/31
179,Q3 2023/24,2023/10/11,State Information Technology Agency (SITA),Upgrade of access link DEAM00E0G0- 2fo0r( DDEEAA0019-21) from 2 MEG to 10,Amber Falcon Properties 187 (Pty) Ltd,Upgrade to ensure suffbicaienndtw bidatnhd pweidrftohr mfoar nthcee .traffic and much better,"R 378 080,00","R 429 933,25",R -,2023/08/16,2020/07/01,2025/06/30
180,Q3 2023/24,2023/10/11,State Information Technology Agency (SITA),Access links for the DWS,Brilliant Telecommunications,Upgrade to ensure suffbicaienndtw bidatnhd pweidrftohr mfoar nthcee .traffic and much better,"R 1 593 600,00","R 341 750,00",R -,2023/09/19,2020/09/30,2025/09/29
181,Q3 2023/24,2023/11/03,State Information Technology Agency (SITA),SoftwareS odleuvtieolno pfomr ethnet sSeorvuitche As ffroicra Inn tPeroglircaet eSde Prveicreso (nS AMPaSna)gement,Gijima Holdings (Pty) Ltd,To include maintenance.,"R 31 776 103,29","R 7 198 060,83",R -,2023/10/24,2023/11/03,2024/11/04
182,Q3 2023/24,2023/11/17,State Information Technology Agency (SITA),Fotrh eth eD euppagrrtamdeen ot fo Af cEcnevtwsirsoe nnLmtin yek -f no(tD uarEl A(A 2f0 4fa0 )i 3rms5 o-f1on9 trh )ts hfreo rme m2Maineign gto p 1e0rioMde ogf for,Brilliant Telecommunications (Pty) Ltd,The upgrade of access blinakn dtow eidntshu pree rcfoornmtinaunocues. connectivity and better,"R 275 700,00","R 173 347,83",R -,2023/11/14,2020/06/10,2025/10/09
183,Q3 2023/24,2023/10/19,The South African National Roads Agency SOC Ltd (SANRAL),DetaIniletedr cDheasniggen oann dN Catoionnsatrlu Rcotiounte M Ro6n1it oSreincgti oonf t1h e(K Pmo r3t .E50d)w.ard,Royal Haskoningdhv (Pty) Ltd,Changes of constructors,"R 103 187 131,51","R 43 356 180,18","R 43 607 793,93",2024/11/01,2023/10/11,2023/10/18
184,Q3 2023/24,2023/10/19,The South African National Roads Agency SOC Ltd (SANRAL),ConBseutwltinege nE Mngpineenejartini gR iSveerr v(iKcems 1fo5r.0 t)h ea nudp gMrabdizea noaf NRaivteiorn (aKl mR o2u4t.e0 )R.61,Royal Haskoningdhv (Pty) Ltd,Changes of constructors,"R 130 266 762,14","R 77 623 986,47","R 78 304 898,63",2013/08/10,2023/10/11,2023/10/18
185,Q3 2023/24,2023/10/19,The South African National Roads Agency SOC Ltd (SANRAL),"Consulting Engineering Services for the Design And Construction
MonitoBrientgw oefe tnh eL ouvpug rRaidveer t(oK Nma t1io2n.0a)l RAnodu tUe m2 laSaesc tCioann 2a4l ( aKnmd 2S.e7c).tion 25","Nathoo Mbenyane Engineers / Leporogo Jv
(Nme)",Changes of constructors,"R 93 854 311,12","R 133 850 140,64",R -,2015/10/13,2023/10/11,2023/10/18
186,Q3 2023/24,2023/12/08,The South African National Roads Agency SOC Ltd (SANRAL),DetaIinletedr cDheasniggne AOnnd NCaotinosntarul cRtioount eM Ro6ni1to Sriencgt iOonf T1h (eK Pmo 3rt. 5E0d)w.ard,Royal Haskoningdhv (Pty) Ltd,Poor planning,"R 103 187 131,51","R 43 356 180,18","R 43 607 793,93",2023/12/08,2023/10/11,2028/04/30
187,Q3 2023/24,2023/12/08,The South African National Roads Agency SOC Ltd (SANRAL),MoCni2oto5nr siBnu eglt t i wnOg ef eETnnh geLi onUvepueg r Rrinaivgde eS r eT(Krov m iNc ea1st2i o.F 0no )a rlA TRnhodeu U tDeme 2ls a iSag sne cCAtianod nna C2l 4o (K nAmsnt rd2u .cS7tei )o .cnt ion,Nathoo Mbenyane (ENnmgien)eers / Leporogo Jv,Poor planning,"R 93 854 311,12","R 133 850 140,64",R -,2023/12/08,2023/10/11,2029/12/31
